ID,Local_ID,Language_ID,Parameter_ID,Value,Form,Segments,Comment,Source,Cognacy,Loan,Graphemes,Profile,AmharicGloss
Maiyu-1_hand-1,,Maiyu,1_hand,θabá,θabá,θ a b á/a,,Bremer2016,,,^ θ a b á $,default,እጅ
Fadashi-1_hand-1,,Fadashi,1_hand,θabá,θabá,θ a b á/a,,Bremer2016,,,^ θ a b á $,default,እጅ
Undulu-1_hand-1,,Undulu,1_hand,θabá,θabá,θ a b á/a,,Bremer2016,,,^ θ a b á $,default,እጅ
BelejeGonfoye-1_hand-1,,BelejeGonfoye,1_hand,la:bá,la:bá,l aː b á/a,,Bremer2016,,,^ l a: b á $,default,እጅ
Maiyu-2_arm-1,,Maiyu,2_arm,bʊʷa,bʊʷa,b ʊʷ/ʊu̯ a,,Bremer2016,,,^ b ʊʷ a $,default,እጅ
Fadashi-2_arm-1,,Fadashi,2_arm,beː tuká,beː_tuká,b eː + t u k á/a,,Bremer2016,,,^ b eː _ t u k á $,default,እጅ
Undulu-2_arm-1,,Undulu,2_arm,biʲé,biʲé,b iʲ/i é/e,,Bremer2016,,,^ b iʲ é $,default,እጅ
BelejeGonfoye-2_arm-1,,BelejeGonfoye,2_arm,biʲé,biʲé,b iʲ/i é/e,,Bremer2016,,,^ b iʲ é $,default,እጅ
Maiyu-3_alive-1,,Maiyu,3_alive,siː θaːre,siː_θaːre,s iː + θ aː r e,,Bremer2016,,,^ s iː _ θ aː r e $,default,በሕይወት
Fadashi-3_alive-1,,Fadashi,3_alive,siː θaːre,siː_θaːre,s iː + θ aː r e,,Bremer2016,,,^ s iː _ θ aː r e $,default,በሕይወት
Undulu-3_alive-1,,Undulu,3_alive,hiːʔiya,hiːʔiya,h iː ʔ i y a,,Bremer2016,,,^ h iː ʔ i y a $,default,በሕይወት
BelejeGonfoye-3_alive-1,,BelejeGonfoye,3_alive,(mba) si lːaré,_si_lːaré,+ s i + lː a r é/e,,Bremer2016,,,^ _ s i _ lː a r é $,default,በሕይወት
Maiyu-4_spider-1,,Maiyu,4_spider,abarəbɛd,abarəbɛd,a b a r ə b ɛ d,,Bremer2016,,,^ a b a r ə b ɛ d $,default,ሸረሪት
Fadashi-4_spider-1,,Fadashi,4_spider,abarabɛt,abarabɛt,a b a r a b ɛ t,,Bremer2016,,,^ a b a r a b ɛ t $,default,ሸረሪት
Undulu-4_spider-1,,Undulu,4_spider,bəmːbɛt,bəmːbɛt,b ə mː b ɛ t,,Bremer2016,,,^ b ə mː b ɛ t $,default,ሸረሪት
BelejeGonfoye-4_spider-1,,BelejeGonfoye,4_spider,abarabɛti,abarabɛti,a b a r a b ɛ t i,,Bremer2016,,,^ a b a r a b ɛ t i $,default,ሸረሪት
Maiyu-5_caterpillar-1,,Maiyu,5_caterpillar,abɔbɔne,abɔbɔne,a b ɔ b ɔ n e,,Bremer2016,,,^ a b ɔ b ɔ n e $,default,ኣባጨጓሬ
Fadashi-5_caterpillar-1,,Fadashi,5_caterpillar,abɔbɔne,abɔbɔne,a b ɔ b ɔ n e,,Bremer2016,,,^ a b ɔ b ɔ n e $,default,ኣባጨጓሬ
Undulu-5_caterpillar-1,,Undulu,5_caterpillar,áːbɔbɔʔí,áːbɔbɔʔí,áː/aː b ɔ b ɔ ʔ í/i,,Bremer2016,,,^ áː b ɔ b ɔ ʔ í $,default,ኣባጨጓሬ
BelejeGonfoye-5_caterpillar-1,,BelejeGonfoye,5_caterpillar,ababɔʔi,ababɔʔi,a b a b ɔ ʔ i,,Bremer2016,,,^ a b a b ɔ ʔ i $,default,ኣባጨጓሬ
Maiyu-6_navel-1,,Maiyu,6_navel,abuldu,abuldu,a b u l d u,,Bremer2016,,,^ a b u l d u $,default,እንብርት
Fadashi-6_navel-1,,Fadashi,6_navel,korombo,korombo,k o r o m b o,,Bremer2016,,,^ k o r o m b o $,default,እንብርት
Undulu-6_navel-1,,Undulu,6_navel,ágórómbo,ágórómbo,á/a g ó/o r ó/o m b o,,Bremer2016,,,^ á g ó r ó m b o $,default,እንብርት
BelejeGonfoye-6_navel-1,,BelejeGonfoye,6_navel,abulːu,abulːu,a b u lː u,,Bremer2016,,,^ a b u lː u $,default,እንብርት
Maiyu-7_butterfly-1,,Maiyu,7_butterfly,abúrbúdu,abúrbúdu,a b ú/u r b ú/u d u,,Bremer2016,,,^ a b ú r b ú d u $,default,ቢራቢሮ
Fadashi-7_butterfly-1,,Fadashi,7_butterfly,aburbudu,aburbudu,a b u r b u d u,,Bremer2016,,,^ a b u r b u d u $,default,ቢራቢሮ
Undulu-7_butterfly-1,,Undulu,7_butterfly,abúrbúdu,abúrbúdu,a b ú/u r b ú/u d u,,Bremer2016,,,^ a b ú r b ú d u $,default,ቢራቢሮ
BelejeGonfoye-7_butterfly-1,,BelejeGonfoye,7_butterfly,aburbudu,aburbudu,a b u r b u d u,,Bremer2016,,,^ a b u r b u d u $,default,ቢራቢሮ
Maiyu-8_besorry-1,,Maiyu,8_besorry,ʃúnga -áŋ,ʃúnga_-áŋ,ʃ ú/u n g a + + á/a ŋ,,Bremer2016,,,^ ʃ ú n g a _ - á ŋ $,default,አዘነ
Fadashi-8_besorry-1,,Fadashi,8_besorry,hoseʲu,hoseʲu,h o s eʲ/ei̯ u,,Bremer2016,,,^ h o s eʲ u $,default,አዘነ
Undulu-8_besorry-1,,Undulu,8_besorry,adːagoʃ gáŋ,adːagoʃ_gáŋ,a dː a g o ʃ + g á/a ŋ,,Bremer2016,,,^ a dː a g o ʃ _ g á ŋ $,default,አዘነ
BelejeGonfoye-8_besorry-1,,BelejeGonfoye,8_besorry,nɛ dʒɛrɪbɪs,nɛ_dʒɛrɪbɪs,n ɛ + dʒ ɛ r ɪ b ɪ s,,Bremer2016,,,^ n ɛ _ dʒ ɛ r ɪ b ɪ s $,default,አዘነ
Maiyu-9_lung-1,,Maiyu,9_lung,afaɲfaras’,afaɲfaras’,a f a ɲ f a r a s ʔ,,Bremer2016,,,^ a f a ɲ f a r a s ’ $,default,ሳንባ
Fadashi-9_lung-1,,Fadashi,9_lung,anfanforos’,anfanforos’,a n f a n f o r o s ʔ,,Bremer2016,,,^ a n f a n f o r o s ’ $,default,ሳንባ
Undulu-9_lung-1,,Undulu,9_lung,áːwáwórés’,áːwáwórés’,áː/aː w á/a w ó/o r é/e s ʔ,,Bremer2016,,,^ áː w á w ó r és ’ $,default,ሳንባ
BelejeGonfoye-9_lung-1,,BelejeGonfoye,9_lung,awawardʒi,awawardʒi,a w a w a r dʒ i,,Bremer2016,,,^ a w a w a r dʒ i $,default,ሳንባ
Maiyu-10_fence-1,,Maiyu,10_fence,agoŋgór,agoŋgór,a g o ŋ g ó/o r,,Bremer2016,,,^ a g o ŋ g ó r $,default,አጥር
Fadashi-10_fence-1,,Fadashi,10_fence,abɪliʲa,abɪliʲa,a b ɪ l iʲ/i a,,Bremer2016,,,^ a b ɪ l iʲ a $,default,አጥር
Undulu-10_fence-1,,Undulu,10_fence,agoŋhór,agoŋhór,a g o ŋ h ó/o r,,Bremer2016,,,^ a g o ŋh ó r $,default,አጥር
BelejeGonfoye-10_fence-1,,BelejeGonfoye,10_fence,aːmaʲé,aːmaʲé,aː m aʲ/ai̯ é/e,,Bremer2016,,,^ aː m aʲ é $,default,አጥር
Maiyu-11_thief-1,,Maiyu,11_thief,agɔrθé,agɔrθé,a g ɔ r θ é/e,,Bremer2016,,,^ a g ɔ r θ é $,default,ሌባ
Fadashi-11_thief-1,,Fadashi,11_thief,agorá,agorá,a g o r á/a,,Bremer2016,,,^ a g o r á $,default,ሌባ
Undulu-11_thief-1,,Undulu,11_thief,agorθa,agorθa,a g o r θ a,,Bremer2016,,,^ a g o r θ a $,default,ሌባ
BelejeGonfoye-11_thief-1,,BelejeGonfoye,11_thief,agora,agora,a g o r a,,Bremer2016,,,^ a g o r a $,default,ሌባ
Maiyu-12_pumpkin-1,,Maiyu,12_pumpkin,aːgu,aːgu,aː g u,,Bremer2016,,,^ aː g u $,default,ዱባ
Fadashi-12_pumpkin-1,,Fadashi,12_pumpkin,agó,agó,a g ó/o,,Bremer2016,,,^ a g ó $,default,ዱባ
Undulu-12_pumpkin-1,,Undulu,12_pumpkin,agóʔ,agóʔ,a g ó/o ʔ,,Bremer2016,,,^ a g ó ʔ $,default,ዱባ
BelejeGonfoye-12_pumpkin-1,,BelejeGonfoye,12_pumpkin,aʔgó,aʔgó,a ʔ g ó/o,,Bremer2016,,,^ a ʔ g ó $,default,ዱባ
Maiyu-13_brother-1,,Maiyu,13_brother,agudi,agudi,a g u d i,,Bremer2016,,,^ a g u d i $,default,ወንድም
Fadashi-13_brother-1,,Fadashi,13_brother,agúdí,agúdí,a g ú/u d í/i,,Bremer2016,,,^ a g ú d í $,default,ወንድም
Undulu-13_brother-1,,Undulu,13_brother,agúdíʔ,agúdíʔ,a g ú/u d í/i ʔ,,Bremer2016,,,^ a g ú d í ʔ $,default,ወንድም
BelejeGonfoye-13_brother-1,,BelejeGonfoye,13_brother,agudiʔo,agudiʔo,a g u d i ʔ o,,Bremer2016,,,^ a g u d i ʔ o $,default,ወንድም
Maiyu-14_sell-1,,Maiyu,14_sell,ʃibila alú,ʃibila_alú,ʃ i b i l a + a l ú/u,,Bremer2016,,,^ ʃ i b i l a _ a l ú $,default,ሸጠ
Fadashi-14_sell-1,,Fadashi,14_sell,ɛlenelo,ɛlenelo,ɛ l e n e l o,,Bremer2016,,,^ ɛ l e n e l o $,default,ሸጠ
Undulu-14_sell-1,,Undulu,14_sell,afíːjálu,afíːjálu,a f íː/iː j á/a l u,,Bremer2016,,,^ a f íː j á l u $,default,ሸጠ
BelejeGonfoye-14_sell-1,,BelejeGonfoye,14_sell,ɛlenolo,ɛlenolo,ɛ l e n o l o,,Bremer2016,,,^ ɛ l e n o l o $,default,ሸጠ
Maiyu-15_betired-1,,Maiyu,15_betired,ʃílí,ʃílí,ʃ í/i l í/i,,Bremer2016,,,^ ʃ í l í $,default,ደከመ
Fadashi-15_betired-1,,Fadashi,15_betired,shɪle,shɪle,sh/ʃ ɪ l e,,Bremer2016,,,^ sh ɪ l e $,default,ደከመ
Undulu-15_betired-1,,Undulu,15_betired,aʃílé,aʃílé,a ʃ í/i l é/e,,Bremer2016,,,^ a ʃ í l é $,default,ደከመ
BelejeGonfoye-15_betired-1,,BelejeGonfoye,15_betired,ʃile / asɪle,ʃile,ʃ i l e,,Bremer2016,,,^ ʃ i l e $,default,ደከመ
BelejeGonfoye-15_betired-2,,BelejeGonfoye,15_betired,ʃile / asɪle,asɪle,a s ɪ l e,,Bremer2016,,,^ a s ɪ l e $,default,ደከመ
Maiyu-16_wealth-1,,Maiyu,16_wealth,ʃimbil,ʃimbil,ʃ i m b i l,,Bremer2016,,,^ ʃ i m b i l $,default,ሃብት
Fadashi-16_wealth-1,,Fadashi,16_wealth,ʃɪmbil,ʃɪmbil,ʃ ɪ m b i l,,Bremer2016,,,^ ʃ ɪ m b i l $,default,ሃብት
Undulu-16_wealth-1,,Undulu,16_wealth,nda ʃimbilu,nda_ʃimbilu,n d a + ʃ i m b i l u,,Bremer2016,,,^ n d a _ ʃ i m b i l u $,default,ሃብት
BelejeGonfoye-16_wealth-1,,BelejeGonfoye,16_wealth,dʒidɛne,dʒidɛne,dʒ i d ɛ n e,,Bremer2016,,,^ dʒ i d ɛ n e $,default,ሃብት
Maiyu-17_tooalsoagainfurthermore-1,,Maiyu,17_tooalsoagainfurthermore,ʃíŋ,ʃíŋ,ʃ í/i ŋ,,Bremer2016,,,^ ʃ í ŋ $,default,ደግሞ
Fadashi-17_tooalsoagainfurthermore-1,,Fadashi,17_tooalsoagainfurthermore,le ali / ʃíɲ,le_ali,l e + a l i,,Bremer2016,,,^ l e _ a l i $,default,ደግሞ
Fadashi-17_tooalsoagainfurthermore-2,,Fadashi,17_tooalsoagainfurthermore,le ali / ʃíɲ,ʃíɲ,ʃ í/i ɲ,,Bremer2016,,,^ ʃ í ɲ $,default,ደግሞ
Undulu-17_tooalsoagainfurthermore-1,,Undulu,17_tooalsoagainfurthermore,dókole,dókole,d ó/o k o l e,,Bremer2016,,,^ d ó k o l e $,default,ደግሞ
BelejeGonfoye-17_tooalsoagainfurthermore-1,,BelejeGonfoye,17_tooalsoagainfurthermore,mɪsi / tɛkolalɪ jali,mɪsi,m ɪ s i,,Bremer2016,,,^ m ɪ s i $,default,ደግሞ
BelejeGonfoye-17_tooalsoagainfurthermore-2,,BelejeGonfoye,17_tooalsoagainfurthermore,mɪsi / tɛkolalɪ jali,tɛkolalɪ_jali,t ɛ k o l a l ɪ + j a l i,,Bremer2016,,,^ t ɛ k o l a l ɪ _ j a l i $,default,ደግሞ
Maiyu-18_breakfast-1,,Maiyu,18_breakfast,al fat’úr,al_fat’úr,a l + f a t ʔ ú/u r,,Bremer2016,,,^ a l _ f a t ’ ú r $,default,ቁርስ
Fadashi-18_breakfast-1,,Fadashi,18_breakfast,fɛdari,fɛdari,f ɛ d a r i,,Bremer2016,,,^ f ɛ d a r i $,default,ቁርስ
Undulu-18_breakfast-1,,Undulu,18_breakfast,áːsúːndu,áːsúːndu,áː/aː s úː/uː n d u,,Bremer2016,,,^ áː s úː n d u $,default,ቁርስ
BelejeGonfoye-18_breakfast-1,,BelejeGonfoye,18_breakfast,awotʃo ndu,awotʃo_ndu,a w o tʃ o + n d u,,Bremer2016,,,^ a w o tʃ o _ n d u $,default,ቁርስ
Maiyu-19_elephant-1,,Maiyu,19_elephant,"al fîl, ɔŋ",al_fîl,a l + f î/i l,,Bremer2016,,,^ a l _ f î l $,default,ዝሆን
Maiyu-19_elephant-2,,Maiyu,19_elephant,"al fîl, ɔŋ",ɔŋ,ɔ ŋ,,Bremer2016,,,^ ɔ ŋ $,default,ዝሆን
Fadashi-19_elephant-1,,Fadashi,19_elephant,mɛdege,mɛdege,m ɛ d e g e,,Bremer2016,,,^ m ɛ d e g e $,default,ዝሆን
Undulu-19_elephant-1,,Undulu,19_elephant,alfîl,alfîl,a l f î/i l,,Bremer2016,,,^ a l f î l $,default,ዝሆን
BelejeGonfoye-19_elephant-1,,BelejeGonfoye,19_elephant,metɪkeː,metɪkeː,m e t ɪ k eː,,Bremer2016,,,^ m e t ɪ k eː $,default,ዝሆን
Maiyu-20_thursday-1,,Maiyu,20_thursday,al hamís,al_hamís,a l + h a m í/i s,,Bremer2016,,,^ a l _ h a m í s $,default,ሐሙሰ
Fadashi-20_thursday-1,,Fadashi,20_thursday,alhamís,alhamís,a l h a m í/i s,,Bremer2016,,,^ a lh a m í s $,default,ሐሙሰ
Undulu-20_thursday-1,,Undulu,20_thursday,alhamís,alhamís,a l h a m í/i s,,Bremer2016,,,^ a lh a m í s $,default,ሐሙሰ
BelejeGonfoye-20_thursday-1,,BelejeGonfoye,20_thursday,laːri kəmɪso,laːri_kəmɪso,l aː r i + k ə m ɪ s o,,Bremer2016,,,^ l aː r i _ k ə m ɪ s o $,default,ሐሙሰ
Maiyu-21_bespoiledrotten-1,,Maiyu,21_bespoiledrotten,s’ʊwí,s’ʊwí,s ʔ ʊ w í/i,,Bremer2016,,,^ s ’ ʊ w í $,default,በሰበሰ
Fadashi-21_bespoiledrotten-1,,Fadashi,21_bespoiledrotten,suːwaʔi,suːwaʔi,s uː w a ʔ i,,Bremer2016,,,^ s uː w a ʔ i $,default,በሰበሰ
Undulu-21_bespoiledrotten-1,,Undulu,21_bespoiledrotten,rohé,rohé,r o h é/e,,Bremer2016,,,^ r o h é $,default,በሰበሰ
BelejeGonfoye-21_bespoiledrotten-1,,BelejeGonfoye,21_bespoiledrotten,t͡ʃ’uwé,t͡ʃ’uwé,tʃ ʔ u w é/e,,Bremer2016,,,^ t͡ʃ ’ u w é $,default,በሰበሰ
Maiyu-22_whirlwinddirtdevil-1,,Maiyu,22_whirlwinddirtdevil,ʃɛbaro,ʃɛbaro,ʃ ɛ b a r o,,Bremer2016,,,^ ʃ ɛ b a r o $,default,አዉለንፋስ
Fadashi-22_whirlwinddirtdevil-1,,Fadashi,22_whirlwinddirtdevil,ʃɛboro,ʃɛboro,ʃ ɛ b o r o,,Bremer2016,,,^ ʃ ɛ b o r o $,default,አዉለንፋስ
Undulu-22_whirlwinddirtdevil-1,,Undulu,22_whirlwinddirtdevil,adurdur,adurdur,a d u r d u r,,Bremer2016,,,^ a d u r d u r $,default,አዉለንፋስ
BelejeGonfoye-22_whirlwinddirtdevil-1,,BelejeGonfoye,22_whirlwinddirtdevil,awːulé,awːulé,a wː u l é/e,,Bremer2016,,,^ a wː u l é $,default,አዉለንፋስ
Maiyu-23_prayerandworship-1,,Maiyu,23_prayerandworship,"al ʔibáda, aːsɛla",al_ʔibáda,a l + ʔ i b á/a d a,,Bremer2016,,,^ a l _ ʔ i b á d a $,default,ጸሎትና አምልኮ
Maiyu-23_prayerandworship-2,,Maiyu,23_prayerandworship,"al ʔibáda, aːsɛla",aːsɛla,aː s ɛ l a,,Bremer2016,,,^ aː s ɛ l a $,default,ጸሎትና አምልኮ
Fadashi-23_prayerandworship-1,,Fadashi,23_prayerandworship,aːsɛla,aːsɛla,aː s ɛ l a,,Bremer2016,,,^ aː s ɛ l a $,default,ጸሎትና አምልኮ
Undulu-23_prayerandworship-1,,Undulu,23_prayerandworship,aːsɛlaʔ,aːsɛlaʔ,aː s ɛ l a ʔ,,Bremer2016,,,^ aː s ɛ l a ʔ $,default,ጸሎትና አምልኮ
BelejeGonfoye-23_prayerandworship-1,,BelejeGonfoye,23_prayerandworship,wɛgɛra,wɛgɛra,w ɛ g ɛ r a,,Bremer2016,,,^ w ɛ g ɛ r a $,default,ጸሎትና አምልኮ
Maiyu-24_paper-1,,Maiyu,24_paper,al wárga,al_wárga,a l + w á/a r g a,,Bremer2016,,,^ a l _ w á r g a $,default,ወረቀት
Fadashi-24_paper-1,,Fadashi,24_paper,alwarəga,alwarəga,a l w a r ə g a,,Bremer2016,,,^ a lw a r ə g a $,default,ወረቀት
Undulu-24_paper-1,,Undulu,24_paper,alfaraga,alfaraga,a l f a r a g a,,Bremer2016,,,^ a l f a r a g a $,default,ወረቀት
BelejeGonfoye-24_paper-1,,BelejeGonfoye,24_paper,dodo be,dodo_be,d o d o + b e,,Bremer2016,,,^ d o d o _ b e $,default,ወረቀት
Maiyu-25_mother-1,,Maiyu,25_mother,amːá,amːá,a mː á/a,,Bremer2016,,,^ a mː á $,default,የእኔ እናት
Fadashi-25_mother-1,,Fadashi,25_mother,amːá,amːá,a mː á/a,,Bremer2016,,,^ a mː á $,default,የእኔ እናት
Undulu-25_mother-1,,Undulu,25_mother,áːʔó,áːʔó,áː/aː ʔ ó/o,,Bremer2016,,,^ áː ʔ ó $,default,የእኔ እናት
BelejeGonfoye-25_mother-1,,BelejeGonfoye,25_mother,dadi,dadi,d a d i,,Bremer2016,,,^ d a d i $,default,የእኔ እናት
Maiyu-26_send-1,,Maiyu,26_send,agɛna,agɛna,a g ɛ n a,,Bremer2016,,,^ a g ɛ n a $,default,ላክ
Fadashi-26_send-1,,Fadashi,26_send,̄nɛbenːa,̄nɛbenːa,n ɛ b e nː a,,Bremer2016,,,^ ̄n ɛ b e nː a $,default,ላክ
Undulu-26_send-1,,Undulu,26_send,hɛ́ːbena,hɛ́ːbena,h ɛ́ː/ɛ b e n a,,Bremer2016,,,^ h ɛ́ː b e n a $,default,ላክ
BelejeGonfoye-26_send-1,,BelejeGonfoye,26_send,jebɛne,jebɛne,j e b ɛ n e,,Bremer2016,,,^ j e b ɛ n e $,default,ላክ
Maiyu-27_imprisontieup-1,,Maiyu,27_imprisontieup,"sɛ́gɛna, ɗɔːʃa",sɛ́gɛna,s ɛ́/ɛ g ɛ n a,,Bremer2016,,,^ s ɛ́ g ɛ n a $,default,ቀጣ
Maiyu-27_imprisontieup-2,,Maiyu,27_imprisontieup,"sɛ́gɛna, ɗɔːʃa",ɗɔːʃa,ɗ ɔː ʃ a,,Bremer2016,,,^ ɗ ɔː ʃ a $,default,ቀጣ
Fadashi-27_imprisontieup-1,,Fadashi,27_imprisontieup,ɗoːʃa,ɗoːʃa,ɗ oː ʃ a,,Bremer2016,,,^ ɗ oː ʃ a $,default,ቀጣ
Undulu-27_imprisontieup-1,,Undulu,27_imprisontieup,ɗóːʃɛfa,ɗóːʃɛfa,ɗ óː/oː ʃ ɛ f a,,Bremer2016,,,^ ɗ óːʃ ɛ f a $,default,ቀጣ
BelejeGonfoye-27_imprisontieup-1,,BelejeGonfoye,27_imprisontieup,ɗosɛne,ɗosɛne,ɗ o s ɛ n e,,Bremer2016,,,^ ɗ o s ɛ n e $,default,ቀጣ
Maiyu-28_tasty-1,,Maiyu,28_tasty,s’ɛbí,s’ɛbí,s ʔ ɛ b í/i,,Bremer2016,,,^ s ’ ɛ b í $,default,ጣፍጧል
Fadashi-28_tasty-1,,Fadashi,28_tasty,s’oːbí,s’oːbí,s ʔ oː b í/i,,Bremer2016,,,^ s ’ oː b í $,default,ጣፍጧል
Undulu-28_tasty-1,,Undulu,28_tasty,nɛgɛnɛge,nɛgɛnɛge,n ɛ g ɛ n ɛ g e,,Bremer2016,,,^ n ɛ g ɛ n ɛ g e $,default,ጣፍጧል
BelejeGonfoye-28_tasty-1,,BelejeGonfoye,28_tasty,tʃ’oɓɛneʲa,tʃ’oɓɛneʲa,tʃ ʔ o ɓ ɛ n eʲ/ei̯ a,,Bremer2016,,,^ tʃ ’ o ɓ ɛ n eʲ a $,default,ጣፍጧል
Maiyu-29_darken-1,,Maiyu,29_darken,ámilu aŋ,ámilu_aŋ,á/a m i l u + a ŋ,,Bremer2016,,,^ á m i l u _ a ŋ $,default,አጨለመ
Fadashi-29_darken-1,,Fadashi,29_darken,aːmíle,aːmíle,aː m í/i l e,,Bremer2016,,,^ aː m í l e $,default,አጨለመ
Undulu-29_darken-1,,Undulu,29_darken,amːbúwé,amːbúwé,a mː b ú/u w é/e,,Bremer2016,,,^ a mː b ú w é $,default,አጨለመ
BelejeGonfoye-29_darken-1,,BelejeGonfoye,29_darken,aŋʲa milowe,aŋʲa_milowe,a ŋʲ a + m i l o w e,,Bremer2016,,,^ a ŋʲ a _ m i l o w e $,default,አጨለመ
Maiyu-30_dryseason-1,,Maiyu,30_dryseason,amɔːzó,amɔːzó,a m ɔː z ó/o,,Bremer2016,,,^ a m ɔː z ó $,default,በጋ
Fadashi-30_dryseason-1,,Fadashi,30_dryseason,aːmoːsó,aːmoːsó,aː m oː s ó/o,,Bremer2016,,,^ aː m oː s ó $,default,በጋ
Undulu-30_dryseason-1,,Undulu,30_dryseason,aiyedʒɛlu,aiyedʒɛlu,a i y e dʒ ɛ l u,,Bremer2016,,,^ a i y e dʒ ɛ l u $,default,በጋ
BelejeGonfoye-30_dryseason-1,,BelejeGonfoye,30_dryseason,la mundʒoʷ,la_mundʒoʷ,l a + m u n dʒ oʷ/ou̯,,Bremer2016,,,^ l a _ m u n dʒ oʷ $,default,በጋ
Maiyu-31_sisterinlaw-1,,Maiyu,31_sisterinlaw,amʊ́dudú,amʊ́dudú,a m ʊ́/ʊ d u d ú/u,,Bremer2016,,,^ a m ʊ́ d u d ú $,default,የሚስት እህት (ምራት)
Fadashi-31_sisterinlaw-1,,Fadashi,31_sisterinlaw,máːʃí,máːʃí,m áː/aː ʃ í/i,,Bremer2016,,,^ m áː ʃ í $,default,የሚስት እህት (ምራት)
Undulu-31_sisterinlaw-1,,Undulu,31_sisterinlaw,máːʃí,máːʃí,m áː/aː ʃ í/i,,Bremer2016,,,^ m áː ʃ í $,default,የሚስት እህት (ምራት)
BelejeGonfoye-31_sisterinlaw-1,,BelejeGonfoye,31_sisterinlaw,mːbá maːsí,mːbá_maːsí,mː b á/a + m aː s í/i,,Bremer2016,,,^ mː b á _ m aː s í $,default,የሚስት እህት (ምራት)
Maiyu-32_maize-1,,Maiyu,32_maize,amʊ́lːé,amʊ́lːé,a m ʊ́/ʊ lː é/e,,Bremer2016,,,^ a m ʊ́ lː é $,default,በቆሎ
Fadashi-32_maize-1,,Fadashi,32_maize,sil bɛgaru,sil_bɛgaru,s i l + b ɛ g a r u,,Bremer2016,,,^ s i l _ b ɛ g a r u $,default,በቆሎ
Undulu-32_maize-1,,Undulu,32_maize,sɛrábu,sɛrábu,s ɛ r á/a b u,,Bremer2016,,,^ s ɛ r á b u $,default,በቆሎ
BelejeGonfoye-32_maize-1,,BelejeGonfoye,32_maize,laː ɲiɲdolo,laː_ɲiɲdolo,l aː + ɲ i ɲ d o l o,,Bremer2016,,,^ l aː _ ɲ i ɲ d o l o $,default,በቆሎ
Maiyu-33_chicks-1,,Maiyu,33_chicks,p’íːpíʲó,p’íːpíʲó,p ʔ íː/iː p íʲ/i ó/o,,Bremer2016,,,^ p ’ íː p íʲ ó $,default,ጫጩት
Fadashi-33_chicks-1,,Fadashi,33_chicks,bibiyo / mise guːle,bibiyo,b i b i y o,,Bremer2016,,,^ b i b i y o $,default,ጫጩት
Fadashi-33_chicks-2,,Fadashi,33_chicks,bibiyo / mise guːle,mise_guːle,m i s e + g uː l e,,Bremer2016,,,^ m i s e _ g uː l e $,default,ጫጩት
Undulu-33_chicks-1,,Undulu,33_chicks,mɪseʔ biːle,mɪseʔ_biːle,m ɪ s e ʔ + b iː l e,,Bremer2016,,,^ m ɪ s e ʔ _ b iː l e $,default,ጫጩት
BelejeGonfoye-33_chicks-1,,BelejeGonfoye,33_chicks,ɓiɓiʲo,ɓiɓiʲo,ɓ i ɓ iʲ/i o,,Bremer2016,,,^ ɓ i ɓ iʲ o $,default,ጫጩት
Maiyu-34_open-1,,Maiyu,34_open,pʊːdá,pʊːdá,p ʊː d á/a,,Bremer2016,,,^ p ʊː d á $,default,ከፈተ
Fadashi-34_open-1,,Fadashi,34_open,ɓʊːdá,ɓʊːdá,ɓ ʊː d á/a,,Bremer2016,,,^ ɓ ʊː d á $,default,ከፈተ
Undulu-34_open-1,,Undulu,34_open,ɓuːdaː,ɓuːdaː,ɓ uː d aː,,Bremer2016,,,^ ɓ uː d aː $,default,ከፈተ
BelejeGonfoye-34_open-1,,BelejeGonfoye,34_open,ɓudɛne,ɓudɛne,ɓ u d ɛ n e,,Bremer2016,,,^ ɓ u d ɛ n e $,default,ከፈተ
Maiyu-35_tellmakeknown-1,,Maiyu,35_tellmakeknown,p’ulá,p’ulá,p ʔ u l á/a,,Bremer2016,,,^ p ’ u l á $,default,ነገረ
Fadashi-35_tellmakeknown-1,,Fadashi,35_tellmakeknown,"ɓula, doːra",ɓula,ɓ u l a,,Bremer2016,,,^ ɓ u l a $,default,ነገረ
Fadashi-35_tellmakeknown-2,,Fadashi,35_tellmakeknown,"ɓula, doːra",doːra,d oː r a,,Bremer2016,,,^ d oː r a $,default,ነገረ
Undulu-35_tellmakeknown-1,,Undulu,35_tellmakeknown,θórógáː,θórógáː,θ ó/o r ó/o g áː/aː,,Bremer2016,,,^ θ ó r ó g áː $,default,ነገረ
BelejeGonfoye-35_tellmakeknown-1,,BelejeGonfoye,35_tellmakeknown,ɓuleʲane,ɓuleʲane,ɓ u l eʲ/ei̯ a n e,,Bremer2016,,,^ ɓ u l eʲ a n e $,default,ነገረ
Maiyu-36_health-1,,Maiyu,36_health,bus’k’é gɔɗa,bus’k’é_gɔɗa,b u s ʔ k ʔ é/e + g ɔ ɗ a,,Bremer2016,,,^ b u s ’ k ’ é _ g ɔ ɗ a $,default,ጤና
Fadashi-36_health-1,,Fadashi,36_health,eːgoːɗa,eːgoːɗa,eː g oː ɗ a,,Bremer2016,,,^ eː g oː ɗ a $,default,ጤና
Undulu-36_health-1,,Undulu,36_health,góːɗé,góːɗé,g óː/oː ɗ é/e,,Bremer2016,,,^ g óː ɗ é $,default,ጤና
BelejeGonfoye-36_health-1,,BelejeGonfoye,36_health,goɗe,goɗe,g o ɗ e,,Bremer2016,,,^ g o ɗ e $,default,ጤና
Maiyu-37_poundsmoothgrindfine-1,,Maiyu,37_poundsmoothgrindfine,rígis’iŋa,rígis’iŋa,r í/i g i s ʔ i ŋ a,,Bremer2016,,,^ r í g i s ’ i ŋ a $,default,ደቀቀ
Fadashi-37_poundsmoothgrindfine-1,,Fadashi,37_poundsmoothgrindfine,rɛgis’e,rɛgis’e,r ɛ g i s ʔ e,,Bremer2016,,,^ r ɛ g i s ’ e $,default,ደቀቀ
Undulu-37_poundsmoothgrindfine-1,,Undulu,37_poundsmoothgrindfine,díːsɛfaʔ,díːsɛfaʔ,d íː/iː s ɛ f a ʔ,,Bremer2016,,,^ d íː s ɛ f a ʔ $,default,ደቀቀ
BelejeGonfoye-37_poundsmoothgrindfine-1,,BelejeGonfoye,37_poundsmoothgrindfine,silːɪne,silːɪne,s i lː ɪ n e,,Bremer2016,,,^ s i lː ɪ n e $,default,ደቀቀ
Maiyu-38_eye-1,,Maiyu,38_eye,are,are,a r e,,Bremer2016,,,^ a r e $,default,አይን
Fadashi-38_eye-1,,Fadashi,38_eye,are / areʔolo,are,a r e,,Bremer2016,,,^ a r e $,default,አይን
Fadashi-38_eye-2,,Fadashi,38_eye,are / areʔolo,areʔolo,a r e ʔ o l o,,Bremer2016,,,^ a r e ʔ o l o $,default,አይን
Undulu-38_eye-1,,Undulu,38_eye,aroʔóló,aroʔóló,a r o ʔ ó/o l ó/o,,Bremer2016,,,^ a r o ʔ ó l ó $,default,አይን
BelejeGonfoye-38_eye-1,,BelejeGonfoye,38_eye,aré,aré,a r é/e,,Bremer2016,,,^ a r é $,default,አይን
Maiyu-39_forehead-1,,Maiyu,39_forehead,are gundi,are_gundi,a r e + g u n d i,,Bremer2016,,,^ a r e _ g u n d i $,default,ግንባር
Fadashi-39_forehead-1,,Fadashi,39_forehead,are gundi,are_gundi,a r e + g u n d i,,Bremer2016,,,^ a r e _ g u n d i $,default,ግንባር
Undulu-39_forehead-1,,Undulu,39_forehead,are gundi,are_gundi,a r e + g u n d i,,Bremer2016,,,^ a r e _ g u n d i $,default,ግንባር
BelejeGonfoye-39_forehead-1,,BelejeGonfoye,39_forehead,are gundi,are_gundi,a r e + g u n d i,,Bremer2016,,,^ a r e _ g u n d i $,default,ግንባር
Maiyu-40_tomorrow-1,,Maiyu,40_tomorrow,asːəbá,asːəbá,a sː ə b á/a,,Bremer2016,,,^ a sː ə b á $,default,ነገ
Fadashi-40_tomorrow-1,,Fadashi,40_tomorrow,mɛnɗaʃi,mɛnɗaʃi,m ɛ n ɗ a ʃ i,,Bremer2016,,,^ m ɛ n ɗ a ʃ i $,default,ነገ
Undulu-40_tomorrow-1,,Undulu,40_tomorrow,"menɗɛʃí, mendʒɛf",menɗɛʃí,m e n ɗ ɛ ʃ í/i,,Bremer2016,,,^ m e n ɗ ɛ ʃ í $,default,ነገ
Undulu-40_tomorrow-2,,Undulu,40_tomorrow,"menɗɛʃí, mendʒɛf",mendʒɛf,m e n dʒ ɛ f,,Bremer2016,,,^ m e n dʒ ɛ f $,default,ነገ
BelejeGonfoye-40_tomorrow-1,,BelejeGonfoye,40_tomorrow,uːʷé,uːʷé,uːʷ/uː é/e,,Bremer2016,,,^ uːʷ é $,default,ነገ
Maiyu-41_termitehill-1,,Maiyu,41_termitehill,p’agú,p’agú,p ʔ a g ú/u,,Bremer2016,,,^ p ’ a g ú $,default,ኩይሳ (የምስጥ ቤት)
Fadashi-41_termitehill-1,,Fadashi,41_termitehill,ɓaŋgó,ɓaŋgó,ɓ a ŋ g ó/o,,Bremer2016,,,^ ɓ a ŋ g ó $,default,ኩይሳ (የምስጥ ቤት)
Undulu-41_termitehill-1,,Undulu,41_termitehill,ɓaŋgó,ɓaŋgó,ɓ a ŋ g ó/o,,Bremer2016,,,^ ɓ a ŋ g ó $,default,ኩይሳ (የምስጥ ቤት)
BelejeGonfoye-41_termitehill-1,,BelejeGonfoye,41_termitehill,"ʃuli moro, ɓaŋgó",ʃuli_moro,ʃ u l i + m o r o,,Bremer2016,,,^ ʃ u l i _ m o r o $,default,ኩይሳ (የምስጥ ቤት)
BelejeGonfoye-41_termitehill-2,,BelejeGonfoye,41_termitehill,"ʃuli moro, ɓaŋgó",ɓaŋgó,ɓ a ŋ g ó/o,,Bremer2016,,,^ ɓ a ŋ g ó $,default,ኩይሳ (የምስጥ ቤት)
Maiyu-42_cultivateplough-1,,Maiyu,42_cultivateplough,p’áːla,p’áːla,p ʔ áː/aː l a,,Bremer2016,,,^ p ’ áː l a $,default,አርሰ
Fadashi-42_cultivateplough-1,,Fadashi,42_cultivateplough,ɓaːle,ɓaːle,ɓ aː l e,,Bremer2016,,,^ ɓ aː l e $,default,አርሰ
Undulu-42_cultivateplough-1,,Undulu,42_cultivateplough,ɓáːle,ɓáːle,ɓ áː/aː l e,,Bremer2016,,,^ ɓ áː l e $,default,አርሰ
BelejeGonfoye-42_cultivateplough-1,,BelejeGonfoye,42_cultivateplough,ɓáːle,ɓáːle,ɓ áː/aː l e,,Bremer2016,,,^ ɓ áː l e $,default,አርሰ
Maiyu-43_keepawayblock-1,,Maiyu,43_keepawayblock,p’aːra -ʔi,p’aːra_-ʔi,p ʔ aː r a + + ʔ i,,Bremer2016,,,^ p ’ aː r a _ - ʔ i $,default,ከለከለ፣አራቀ
Fadashi-43_keepawayblock-1,,Fadashi,43_keepawayblock,məriɛne,məriɛne,m ə r i ɛ n e,,Bremer2016,,,^ m ə r i ɛ n e $,default,ከለከለ፣አራቀ
Undulu-43_keepawayblock-1,,Undulu,43_keepawayblock,məriɛne,məriɛne,m ə r i ɛ n e,,Bremer2016,,,^ m ə r i ɛ n e $,default,ከለከለ፣አራቀ
BelejeGonfoye-43_keepawayblock-1,,BelejeGonfoye,43_keepawayblock,aʔurwaːne,aʔurwaːne,a ʔ u r w aː n e,,Bremer2016,,,^ a ʔ u rw aː n e $,default,ከለከለ፣አራቀ
Maiyu-44_stand-1,,Maiyu,44_stand,p’eːla,p’eːla,p ʔ eː l a,,Bremer2016,,,^ p ’ eː l a $,default,ቆመ
Fadashi-44_stand-1,,Fadashi,44_stand,ɓeːlé,ɓeːlé,ɓ eː l é/e,,Bremer2016,,,^ ɓ eː l é $,default,ቆመ
BelejeGonfoye-44_stand-1,,BelejeGonfoye,44_stand,ɓíːló,ɓíːló,ɓ íː/iː l ó/o,,Bremer2016,,,^ ɓ íː l ó $,default,ቆመ
Maiyu-45_postpillar-1,,Maiyu,45_postpillar,aʃíːba,aʃíːba,a ʃ íː/iː b a,,Bremer2016,,,^ a ʃ íː b a $,default,ምሰሶ
Fadashi-45_postpillar-1,,Fadashi,45_postpillar,"guɗuba, aʃiːba, ʃɪleli",guɗuba,g u ɗ u b a,,Bremer2016,,,^ g u ɗ u b a $,default,ምሰሶ
Fadashi-45_postpillar-2,,Fadashi,45_postpillar,"guɗuba, aʃiːba, ʃɪleli",aʃiːba,a ʃ iː b a,,Bremer2016,,,^ a ʃ iː b a $,default,ምሰሶ
Fadashi-45_postpillar-3,,Fadashi,45_postpillar,"guɗuba, aʃiːba, ʃɪleli",ʃɪleli,ʃ ɪ l e l i,,Bremer2016,,,^ ʃ ɪ l e l i $,default,ምሰሶ
Undulu-45_postpillar-1,,Undulu,45_postpillar,gúɗúbí,gúɗúbí,g ú/u ɗ ú/u b í/i,,Bremer2016,,,^ g ú ɗ ú b í $,default,ምሰሶ
BelejeGonfoye-45_postpillar-1,,BelejeGonfoye,45_postpillar,abiliʲo,abiliʲo,a b i l iʲ/i o,,Bremer2016,,,^ a b i l iʲ o $,default,ምሰሶ
Maiyu-46_turnaround-1,,Maiyu,46_turnaround,áʃɪmbriŋa,áʃɪmbriŋa,á/a ʃ ɪ m b r i ŋ a,,Bremer2016,,,^ á ʃ ɪ m b r i ŋ a $,default,ዞረ
Fadashi-46_turnaround-1,,Fadashi,46_turnaround,ʃɪmbira,ʃɪmbira,ʃ ɪ m b i r a,,Bremer2016,,,^ ʃ ɪ m b i r a $,default,ዞረ
Undulu-46_turnaround-1,,Undulu,46_turnaround,"bɛrʃiŋá, agiʃiŋgɛríŋ",bɛrʃiŋá,b ɛ r ʃ i ŋ á/a,,Bremer2016,,,^ b ɛ rʃ i ŋ á $,default,ዞረ
Undulu-46_turnaround-2,,Undulu,46_turnaround,"bɛrʃiŋá, agiʃiŋgɛríŋ",agiʃiŋgɛríŋ,a g i ʃ i ŋ g ɛ r í/i ŋ,,Bremer2016,,,^ a g i ʃ i ŋ g ɛ r í ŋ $,default,ዞረ
BelejeGonfoye-46_turnaround-1,,BelejeGonfoye,46_turnaround,ɗakʷoaʔe,ɗakʷoaʔe,ɗ a kʷ o a ʔ e,,Bremer2016,,,^ ɗ a kʷ o a ʔ e $,default,ዞረ
Maiyu-47_shadow-1,,Maiyu,47_shadow,aʃirɪ́ŋk’íθ,aʃirɪ́ŋk’íθ,a ʃ i r ɪ́/ɪ ŋ k ʔ í/i θ,,Bremer2016,,,^ a ʃ i r ɪ́ ŋ k ’ í θ $,default,ጥላ
Fadashi-47_shadow-1,,Fadashi,47_shadow,"aːʃoré, aŋgɪʃir",aːʃoré,aː ʃ o r é/e,,Bremer2016,,,^ aː ʃ o r é $,default,ጥላ
Fadashi-47_shadow-2,,Fadashi,47_shadow,"aːʃoré, aŋgɪʃir",aŋgɪʃir,a ŋ g ɪ ʃ i r,,Bremer2016,,,^ a ŋ g ɪ ʃ i r $,default,ጥላ
Undulu-47_shadow-1,,Undulu,47_shadow,aːʃorén,aːʃorén,aː ʃ o r é/e n,,Bremer2016,,,^ aː ʃ o r é n $,default,ጥላ
BelejeGonfoye-47_shadow-1,,BelejeGonfoye,47_shadow,asórí,asórí,a s ó/o r í/i,,Bremer2016,,,^ a s ó r í $,default,ጥላ
Maiyu-48_mouthlanguage-1,,Maiyu,48_mouthlanguage,ndu,ndu,n d u,,Bremer2016,,,^ n d u $,default,ኣፍ
Fadashi-48_mouthlanguage-1,,Fadashi,48_mouthlanguage,ndu,ndu,n d u,,Bremer2016,,,^ n d u $,default,ኣፍ
Undulu-48_mouthlanguage-1,,Undulu,48_mouthlanguage,ndu,ndu,n d u,,Bremer2016,,,^ n d u $,default,ኣፍ
BelejeGonfoye-48_mouthlanguage-1,,BelejeGonfoye,48_mouthlanguage,ndu,ndu,n d u,,Bremer2016,,,^ n d u $,default,ኣፍ
Maiyu-49_lips-1,,Maiyu,49_lips,ndu ʃɛfa,ndu_ʃɛfa,n d u + ʃ ɛ f a,,Bremer2016,,,^ n d u _ ʃ ɛ f a $,default,ከንፈር
Fadashi-49_lips-1,,Fadashi,49_lips,ndu ʃɛfaʔ,ndu_ʃɛfaʔ,n d u + ʃ ɛ f a ʔ,,Bremer2016,,,^ n d u _ ʃ ɛ f a ʔ $,default,ከንፈር
Undulu-49_lips-1,,Undulu,49_lips,ndu ʃɛfaʔ,ndu_ʃɛfaʔ,n d u + ʃ ɛ f a ʔ,,Bremer2016,,,^ n d u _ ʃ ɛ f a ʔ $,default,ከንፈር
BelejeGonfoye-49_lips-1,,BelejeGonfoye,49_lips,ndu ʃɛwa,ndu_ʃɛwa,n d u + ʃ ɛ w a,,Bremer2016,,,^ n d u _ ʃ ɛ w a $,default,ከንፈር
Maiyu-50_sleep-1,,Maiyu,50_sleep,nɛndígi,nɛndígi,n ɛ n d í/i g i,,Bremer2016,,,^ n ɛ n d í g i $,default,እንቅልፍ
Fadashi-50_sleep-1,,Fadashi,50_sleep,nɛndɛgi,nɛndɛgi,n ɛ n d ɛ g i,,Bremer2016,,,^ n ɛ n d ɛ g i $,default,እንቅልፍ
Undulu-50_sleep-1,,Undulu,50_sleep,əndɪ́ge,əndɪ́ge,ə n d ɪ́/ɪ g e,,Bremer2016,,,^ ə n d ɪ́ g e $,default,እንቅልፍ
BelejeGonfoye-50_sleep-1,,BelejeGonfoye,50_sleep,nɛdigi,nɛdigi,n ɛ d i g i,,Bremer2016,,,^ n ɛ d i g i $,default,እንቅልፍ
Maiyu-51_half-1,,Maiyu,51_half,anːus,anːus,a nː u s,,Bremer2016,,,^ a nː u s $,default,
Fadashi-51_half-1,,Fadashi,51_half,aːs’oma,aːs’oma,aː s ʔ o m a,,Bremer2016,,,^ aː s ’ o m a $,default,
Undulu-51_half-1,,Undulu,51_half,aːkiθowaʔ,aːkiθowaʔ,aː k i θ o w a ʔ,,Bremer2016,,,^ aː k i θ o w a ʔ $,default,
BelejeGonfoye-51_half-1,,BelejeGonfoye,51_half,bebɛlolo,bebɛlolo,b e b ɛ l o l o,,Bremer2016,,,^ b e b ɛ l o l o $,default,
Maiyu-52_flyv-1,,Maiyu,52_flyv,bədá,bədá,b ə d á/a,,Bremer2016,,,^ b ə d á $,default,በረረ
Fadashi-52_flyv-1,,Fadashi,52_flyv,bədé,bədé,b ə d é/e,,Bremer2016,,,^ b ə d é $,default,በረረ
Undulu-52_flyv-1,,Undulu,52_flyv,bədé,bədé,b ə d é/e,,Bremer2016,,,^ b ə d é $,default,በረረ
BelejeGonfoye-52_flyv-1,,BelejeGonfoye,52_flyv,buːne,buːne,b uː n e,,Bremer2016,,,^ b uː n e $,default,በረረ
Maiyu-53_behot-1,,Maiyu,53_behot,bɛɗí,bɛɗí,b ɛ ɗ í/i,,Bremer2016,,,^ b ɛ ɗ í $,default,ሞቀ
Fadashi-53_behot-1,,Fadashi,53_behot,bɛɗi,bɛɗi,b ɛ ɗ i,,Bremer2016,,,^ b ɛ ɗ i $,default,ሞቀ
Undulu-53_behot-1,,Undulu,53_behot,bɛɗí,bɛɗí,b ɛ ɗ í/i,,Bremer2016,,,^ b ɛ ɗ í $,default,ሞቀ
BelejeGonfoye-53_behot-1,,BelejeGonfoye,53_behot,bəɗi,bəɗi,b ə ɗ i,,Bremer2016,,,^ b ə ɗ i $,default,ሞቀ
Maiyu-54_besick-1,,Maiyu,54_besick,bɛɗí,bɛɗí,b ɛ ɗ í/i,,Bremer2016,,,^ b ɛ ɗ í $,default,ታመመ
Fadashi-54_besick-1,,Fadashi,54_besick,sukuliŋe,sukuliŋe,s u k u l i ŋ e,,Bremer2016,,,^ s u k u l i ŋ e $,default,ታመመ
Undulu-54_besick-1,,Undulu,54_besick,sukuθiŋe,sukuθiŋe,s u k u θ i ŋ e,,Bremer2016,,,^ s u k u θ i ŋ e $,default,ታመመ
BelejeGonfoye-54_besick-1,,BelejeGonfoye,54_besick,t͡ʃ’uleʔe,t͡ʃ’uleʔe,tʃ ʔ u l e ʔ e,,Bremer2016,,,^ t͡ʃ ’ u l e ʔ e $,default,ታመመ
Maiyu-55_bestrong-1,,Maiyu,55_bestrong,p’áɗiʔí,p’áɗiʔí,p ʔ á/a ɗ i ʔ í/i,,Bremer2016,,,^ p ’ á ɗ i ʔ í $,default,ጠንካራ
Fadashi-55_bestrong-1,,Fadashi,55_bestrong,ɓəɗiʔi,ɓəɗiʔi,ɓ ə ɗ i ʔ i,,Bremer2016,,,^ ɓ ə ɗ i ʔ i $,default,ጠንካራ
Undulu-55_bestrong-1,,Undulu,55_bestrong,ɓə́ɗiʔé,ɓə́ɗiʔé,ɓ ə́/ə ɗ i ʔ é/e,,Bremer2016,,,^ ɓ ə́ ɗ i ʔ é $,default,ጠንካራ
BelejeGonfoye-55_bestrong-1,,BelejeGonfoye,55_bestrong,ɓaɗolo,ɓaɗolo,ɓ a ɗ o l o,,Bremer2016,,,^ ɓ a ɗ o l o $,default,ጠንካራ
Maiyu-56_hideconceal-1,,Maiyu,56_hideconceal,bəná,bəná,b ə n á/a,,Bremer2016,,,^ b ə n á $,default,ተደበቀ
Fadashi-56_hideconceal-1,,Fadashi,56_hideconceal,bone,bone,b o n e,,Bremer2016,,,^ b o n e $,default,ተደበቀ
Undulu-56_hideconceal-1,,Undulu,56_hideconceal,ɓóːkoló,ɓóːkoló,ɓ óː/oː k o l ó/o,,Bremer2016,,,^ ɓ óː k o l ó $,default,ተደበቀ
BelejeGonfoye-56_hideconceal-1,,BelejeGonfoye,56_hideconceal,ɓəŋoʔe,ɓəŋoʔe,ɓ ə ŋ o ʔ e,,Bremer2016,,,^ ɓ ə ŋ o ʔ e $,default,ተደበቀ
Maiyu-57_catch-1,,Maiyu,57_catch,múːfa,múːfa,m úː/uː f a,,Bremer2016,,,^ m úː f a $,default,ያዘ
Fadashi-57_catch-1,,Fadashi,57_catch,mːoːne,mːoːne,mː oː n e,,Bremer2016,,,^ mː oː n e $,default,ያዘ
Undulu-57_catch-1,,Undulu,57_catch,múːfo,múːfo,m úː/uː f o,,Bremer2016,,,^ m úː f o $,default,ያዘ
BelejeGonfoye-57_catch-1,,BelejeGonfoye,57_catch,mʷɔːne,mʷɔːne,mʷ ɔː n e,,Bremer2016,,,^ mʷ ɔː n e $,default,ያዘ
Maiyu-58_bered-1,,Maiyu,58_bered,bɪɲɛní,bɪɲɛní,b ɪ ɲ ɛ n í/i,,Bremer2016,,,^ b ɪ ɲ ɛ n í $,default,ቀይ ሆነ
Fadashi-58_bered-1,,Fadashi,58_bered,bɪni,bɪni,b ɪ n i,,Bremer2016,,,^ b ɪ n i $,default,ቀይ ሆነ
Undulu-58_bered-1,,Undulu,58_bered,bɛní,bɛní,b ɛ n í/i,,Bremer2016,,,^ b ɛ n í $,default,ቀይ ሆነ
BelejeGonfoye-58_bered-1,,BelejeGonfoye,58_bered,bɛɲi,bɛɲi,b ɛ ɲ i,,Bremer2016,,,^ b ɛ ɲ i $,default,ቀይ ሆነ
Maiyu-59_stopprohibit-1,,Maiyu,59_stopprohibit,bəká,bəká,b ə k á/a,,Bremer2016,,,^ b ə k á $,default,አታድርግ፣ቆመ
Fadashi-59_stopprohibit-1,,Fadashi,59_stopprohibit,beːká,beːká,b eː k á/a,,Bremer2016,,,^ b eː k á $,default,አታድርግ፣ቆመ
Undulu-59_stopprohibit-1,,Undulu,59_stopprohibit,ari,ari,a r i,,Bremer2016,,,^ a r i $,default,አታድርግ፣ቆመ
BelejeGonfoye-59_stopprohibit-1,,BelejeGonfoye,59_stopprohibit,biːlaʔo,biːlaʔo,b iː l a ʔ o,,Bremer2016,,,^ b iː l a ʔ o $,default,አታድርግ፣ቆመ
Maiyu-60_enough-1,,Maiyu,60_enough,bəka,bəka,b ə k a,,Bremer2016,,,^ b ə k a $,default,በቃ!
Fadashi-60_enough-1,,Fadashi,60_enough,koːɗe,koːɗe,k oː ɗ e,,Bremer2016,,,^ k oː ɗ e $,default,በቃ!
Undulu-60_enough-1,,Undulu,60_enough,ɲéːʃe,ɲéːʃe,ɲ éː/eː ʃ e,,Bremer2016,,,^ ɲ éːʃ e $,default,በቃ!
BelejeGonfoye-60_enough-1,,BelejeGonfoye,60_enough,kóːɗé,kóːɗé,k óː/oː ɗ é/e,,Bremer2016,,,^ k óː ɗ é $,default,በቃ!
Maiyu-61_sweet-1,,Maiyu,61_sweet,mɛnɛ́mɛɲɪní,mɛnɛ́mɛɲɪní,m ɛ n ɛ́/ɛ m ɛ ɲ ɪ n í/i,,Bremer2016,,,^ m ɛ n ɛ́ m ɛ ɲ ɪ n í $,default,ጣፈጠ
Fadashi-61_sweet-1,,Fadashi,61_sweet,menémeniɲi,menémeniɲi,m e n é/e m e n i ɲ i,,Bremer2016,,,^ m e n é m e n i ɲ i $,default,ጣፈጠ
Undulu-61_sweet-1,,Undulu,61_sweet,nɛkɪnɛki,nɛkɪnɛki,n ɛ k ɪ n ɛ k i,,Bremer2016,,,^ n ɛ k ɪ n ɛ k i $,default,ጣፈጠ
BelejeGonfoye-61_sweet-1,,BelejeGonfoye,61_sweet,nɛnɛmɛnmeʔi,nɛnɛmɛnmeʔi,n ɛ n ɛ m ɛ n m e ʔ i,,Bremer2016,,,^ n ɛ n ɛ m ɛ n m e ʔ i $,default,ጣፈጠ
Maiyu-62_women-1,,Maiyu,62_women,míːhi,míːhi,m íː/iː h i,,Bremer2016,,,^ m íː h i $,default,ሴቶች
Fadashi-62_women-1,,Fadashi,62_women,mehi,mehi,m e h i,,Bremer2016,,,^ m e h i $,default,ሴቶች
BelejeGonfoye-62_women-1,,BelejeGonfoye,62_women,waː meʲile,waː_meʲile,w aː + m eʲ/ei̯ i l e,,Bremer2016,,,^ w aː _ m eʲ i l e $,default,ሴቶች
Maiyu-63_wives-1,,Maiyu,63_wives,miːhi,miːhi,m iː h i,,Bremer2016,,,^ m iː h i $,default,ሚስቶች
Fadashi-63_wives-1,,Fadashi,63_wives,mehi,mehi,m e h i,,Bremer2016,,,^ m e h i $,default,ሚስቶች
Undulu-63_wives-1,,Undulu,63_wives,mɪhi,mɪhi,m ɪ h i,,Bremer2016,,,^ m ɪ h i $,default,ሚስቶች
BelejeGonfoye-63_wives-1,,BelejeGonfoye,63_wives,waː ɓodole,waː_ɓodole,w aː + ɓ o d o l e,,Bremer2016,,,^ w aː _ ɓ o d o l e $,default,ሚስቶች
Maiyu-64_snore-1,,Maiyu,64_snore,bɔŋgóri,bɔŋgóri,b ɔ ŋ g ó/o r i,,Bremer2016,,,^ b ɔ ŋ g ó r i $,default,ኣንኮራፋ
Fadashi-64_snore-1,,Fadashi,64_snore,haroɗi,haroɗi,h a r o ɗ i,,Bremer2016,,,^ h a r o ɗ i $,default,ኣንኮራፋ
Undulu-64_snore-1,,Undulu,64_snore,goróɗi,goróɗi,g o r ó/o ɗ i,,Bremer2016,,,^ g o r ó ɗ i $,default,ኣንኮራፋ
BelejeGonfoye-64_snore-1,,BelejeGonfoye,64_snore,ɲarɗoɗe,ɲarɗoɗe,ɲ a r ɗ o ɗ e,,Bremer2016,,,^ ɲ a r ɗ o ɗ e $,default,ኣንኮራፋ
Maiyu-65_frog-1,,Maiyu,65_frog,bɔñɔ́ʃ,bɔñɔ́ʃ,b ɔ ɲ ɔ́/ɔ ʃ,,Bremer2016,,,^ b ɔ ñ ɔ́ ʃ $,default,እንቁራሪት
Fadashi-65_frog-1,,Fadashi,65_frog,boŋoʃ,boŋoʃ,b o ŋ o ʃ,,Bremer2016,,,^ b o ŋ o ʃ $,default,እንቁራሪት
Undulu-65_frog-1,,Undulu,65_frog,boŋkóʃ,boŋkóʃ,b o ŋ k ó/o ʃ,,Bremer2016,,,^ b o ŋ k óʃ $,default,እንቁራሪት
BelejeGonfoye-65_frog-1,,BelejeGonfoye,65_frog,koŋosi,koŋosi,k o ŋ o s i,,Bremer2016,,,^ k o ŋ o s i $,default,እንቁራሪት
Maiyu-66_insultoffend-1,,Maiyu,66_insultoffend,bɔʃa,bɔʃa,b ɔ ʃ a,,Bremer2016,,,^ b ɔ ʃ a $,default,ሰደበ
Fadashi-66_insultoffend-1,,Fadashi,66_insultoffend,bóʃa,bóʃa,b ó/o ʃ a,,Bremer2016,,,^ b óʃ a $,default,ሰደበ
Undulu-66_insultoffend-1,,Undulu,66_insultoffend,bóːʃa,bóːʃa,b óː/oː ʃ a,,Bremer2016,,,^ b óːʃ a $,default,ሰደበ
BelejeGonfoye-66_insultoffend-1,,BelejeGonfoye,66_insultoffend,bosa,bosa,b o s a,,Bremer2016,,,^ b o s a $,default,ሰደበ
Maiyu-67_return-1,,Maiyu,67_return,maθá,maθá,m a θ á/a,,Bremer2016,,,^ m a θ á $,default,ተመለሰ፣ሄደ
Fadashi-67_return-1,,Fadashi,67_return,moliaʔi,moliaʔi,m o l i a ʔ i,,Bremer2016,,,^ m o l i a ʔ i $,default,ተመለሰ፣ሄደ
Undulu-67_return-1,,Undulu,67_return,mɛθóʔilo,mɛθóʔilo,m ɛ θ ó/o ʔ i l o,,Bremer2016,,,^ m ɛ θ ó ʔ i l o $,default,ተመለሰ፣ሄደ
BelejeGonfoye-67_return-1,,BelejeGonfoye,67_return,nolaʔolo,nolaʔolo,n o l a ʔ o l o,,Bremer2016,,,^ n o l a ʔ o l o $,default,ተመለሰ፣ሄደ
Maiyu-68_rainbow-1,,Maiyu,68_rainbow,məzəlo,məzəlo,m ə z ə l o,,Bremer2016,,,^ m ə z ə l o $,default,ቀስተዳመና
Fadashi-68_rainbow-1,,Fadashi,68_rainbow,mozol,mozol,m o z o l,,Bremer2016,,,^ m o z o l $,default,ቀስተዳመና
Undulu-68_rainbow-1,,Undulu,68_rainbow,mogól,mogól,m o g ó/o l,,Bremer2016,,,^ m o g ó l $,default,ቀስተዳመና
BelejeGonfoye-68_rainbow-1,,BelejeGonfoye,68_rainbow,amuʷgaʔo,amuʷgaʔo,a m uʷ/u g a ʔ o,,Bremer2016,,,^ a m uʷ g a ʔ o $,default,ቀስተዳመና
Maiyu-69_evening-1,,Maiyu,69_evening,mbə́ giʃú,mbə́_giʃú,m b ə́/ə + g i ʃ ú/u,,Bremer2016,,,^ m b ə́ _ g i ʃ ú $,default,ምሽት
Fadashi-69_evening-1,,Fadashi,69_evening,giːgije,giːgije,g iː g i j e,,Bremer2016,,,^ g iː g i j e $,default,ምሽት
Undulu-69_evening-1,,Undulu,69_evening,maː͡dʒíhe,maː͡dʒíhe,m aː d ʒ í/i h e,,Bremer2016,,,^ m aː͡d ʒ í h e $,default,ምሽት
BelejeGonfoye-69_evening-1,,BelejeGonfoye,69_evening,aːbule,aːbule,aː b u l e,,Bremer2016,,,^ aː b u l e $,default,ምሽት
Maiyu-70_theirs-1,,Maiyu,70_theirs,mbə́ máre,mbə́_máre,m b ə́/ə + m á/a r e,,Bremer2016,,,^ m b ə́ _ m á r e $,default,የእነሱ
Fadashi-70_theirs-1,,Fadashi,70_theirs,mbəmare,mbəmare,m b ə m a r e,,Bremer2016,,,^ m b ə m a r e $,default,የእነሱ
Undulu-70_theirs-1,,Undulu,70_theirs,mbə́máre,mbə́máre,m b ə́/ə m á/a r e,,Bremer2016,,,^ m b ə́ m á r e $,default,የእነሱ
BelejeGonfoye-70_theirs-1,,BelejeGonfoye,70_theirs,mbəmaré,mbəmaré,m b ə m a r é/e,,Bremer2016,,,^ m b ə m a r é $,default,የእነሱ
Maiyu-71_yourspl-1,,Maiyu,71_yourspl,mbə́ ŋgáma,mbə́_ŋgáma,m b ə́/ə + ŋ g á/a m a,,Bremer2016,,,^ m b ə́ _ ŋ g á m a $,default,የእናንተ
Fadashi-71_yourspl-1,,Fadashi,71_yourspl,mbəma,mbəma,m b ə m a,,Bremer2016,,,^ m b ə m a $,default,የእናንተ
Undulu-71_yourspl-1,,Undulu,71_yourspl,mbúma,mbúma,m b ú/u m a,,Bremer2016,,,^ m b ú m a $,default,የእናንተ
BelejeGonfoye-71_yourspl-1,,BelejeGonfoye,71_yourspl,mbəma,mbəma,m b ə m a,,Bremer2016,,,^ m b ə m a $,default,የእናንተ
Maiyu-72_bebecomewet-1,,Maiyu,72_bebecomewet,p’ʊ́s’í,p’ʊ́s’í,p ʔ ʊ́/ʊ s ʔ í/i,,Bremer2016,,,^ p ’ ʊ́ s ’ í $,default,ራሰ፣ረጠበ
Fadashi-72_bebecomewet-1,,Fadashi,72_bebecomewet,ɓus’i,ɓus’i,ɓ u s ʔ i,,Bremer2016,,,^ ɓ u s ’ i $,default,ራሰ፣ረጠበ
Undulu-72_bebecomewet-1,,Undulu,72_bebecomewet,ɓús’í,ɓús’í,ɓ ú/u s ʔ í/i,,Bremer2016,,,^ ɓ ú s ’ í $,default,ራሰ፣ረጠበ
BelejeGonfoye-72_bebecomewet-1,,BelejeGonfoye,72_bebecomewet,ɓutʃ’i,ɓutʃ’i,ɓ u tʃ ʔ i,,Bremer2016,,,^ ɓ u tʃ ’ i $,default,ራሰ፣ረጠበ
Fadashi-73_uncle-1,,Fadashi,73_uncle,bobo gwalé,bobo_gwalé,b o b o + g w a l é/e,,Bremer2016,,,^ b o b o _ gw a l é $,default,
BelejeGonfoye-73_uncle-1,,BelejeGonfoye,73_uncle,boːbo agudane,boːbo_agudane,b oː b o + a g u d a n e,,Bremer2016,,,^ b oː b o _ a g u d a n e $,default,
Maiyu-74_body-1,,Maiyu,74_body,bʊsk’e,bʊsk’e,b ʊ s k ʔ e,,Bremer2016,,,^ b ʊ s k ’ e $,default,ሰውነት
Fadashi-74_body-1,,Fadashi,74_body,bus’ike,bus’ike,b u s ʔ i k e,,Bremer2016,,,^ b u s ’ i k e $,default,ሰውነት
Undulu-74_body-1,,Undulu,74_body,bɪsk’e,bɪsk’e,b ɪ s k ʔ e,,Bremer2016,,,^ b ɪ s k ’ e $,default,ሰውነት
BelejeGonfoye-74_body-1,,BelejeGonfoye,74_body,bɪsɪk’e,bɪsɪk’e,b ɪ s ɪ k ʔ e,,Bremer2016,,,^ b ɪ s ɪ k ’ e $,default,ሰውነት
Maiyu-75_giveit-1,,Maiyu,75_giveit,daː,daː,d aː,,Bremer2016,,,^ d aː $,default,ሰጠ
Fadashi-75_giveit-1,,Fadashi,75_giveit,ndɛne,ndɛne,n d ɛ n e,,Bremer2016,,,^ n d ɛ n e $,default,ሰጠ
Undulu-75_giveit-1,,Undulu,75_giveit,ndɪné,ndɪné,n d ɪ n é/e,,Bremer2016,,,^ n d ɪ n é $,default,ሰጠ
BelejeGonfoye-75_giveit-1,,BelejeGonfoye,75_giveit,ndɛnːe,ndɛnːe,n d ɛ nː e,,Bremer2016,,,^ n d ɛ nː e $,default,ሰጠ
Maiyu-76_fatn-1,,Maiyu,76_fatn,mək’ɔʃ,mək’ɔʃ,m ə k ʔ ɔ ʃ,,Bremer2016,,,^ m ə k ’ ɔ ʃ $,default,ጮማ
Fadashi-76_fatn-1,,Fadashi,76_fatn,mək’oʃ,mək’oʃ,m ə k ʔ o ʃ,,Bremer2016,,,^ m ə k ’ o ʃ $,default,ጮማ
Undulu-76_fatn-1,,Undulu,76_fatn,mok’oʃ,mok’oʃ,m o k ʔ o ʃ,,Bremer2016,,,^ m o k ’ o ʃ $,default,ጮማ
BelejeGonfoye-76_fatn-1,,BelejeGonfoye,76_fatn,k’oːsi,k’oːsi,k ʔ oː s i,,Bremer2016,,,^ k ’ oː s i $,default,ጮማ
Maiyu-77_otheranother-1,,Maiyu,77_otheranother,mánañ,mánañ,m á/a n a ɲ,,Bremer2016,,,^ m á n a ñ $,default,ሌላ
Fadashi-77_otheranother-1,,Fadashi,77_otheranother,maːmaŋ,maːmaŋ,m aː m a ŋ,,Bremer2016,,,^ m aː m a ŋ $,default,ሌላ
Undulu-77_otheranother-1,,Undulu,77_otheranother,mɓɪɗiŋgu,mɓɪɗiŋgu,m ɓ ɪ ɗ i ŋ g u,,Bremer2016,,,^ m ɓ ɪ ɗ i ŋ g u $,default,ሌላ
BelejeGonfoye-77_otheranother-1,,BelejeGonfoye,77_otheranother,mbə siʲe,mbə_siʲe,m b ə + s iʲ/i e,,Bremer2016,,,^ m b ə _ s iʲ e $,default,ሌላ
Maiyu-78_dawn-1,,Maiyu,78_dawn,mans’aré,mans’aré,m a n s ʔ a r é/e,,Bremer2016,,,^ m a ns ’ a r é $,default,ንጋት
Fadashi-78_dawn-1,,Fadashi,78_dawn,ansaːre,ansaːre,a n s aː r e,,Bremer2016,,,^ a ns aː r e $,default,ንጋት
Undulu-78_dawn-1,,Undulu,78_dawn,men͡dʒɛf,men͡dʒɛf,m e n dʒ ɛ f,,Bremer2016,,,^ m e n͡dʒ ɛ f $,default,ንጋት
BelejeGonfoye-78_dawn-1,,BelejeGonfoye,78_dawn,antʃ’ɛre,antʃ’ɛre,a n tʃ ʔ ɛ r e,,Bremer2016,,,^ a n tʃ ’ ɛ r e $,default,ንጋት
Maiyu-79_father-1,,Maiyu,79_father,abbá,abbá,a bː á/a,,Bremer2016,,,^ a bb á $,default,
Fadashi-79_father-1,,Fadashi,79_father,abːa,abːa,a bː a,,Bremer2016,,,^ a bː a $,default,
Undulu-79_father-1,,Undulu,79_father,aːb͡aiyó,aːb͡aiyó,aː b a i y ó/o,,Bremer2016,,,^ aː b͡a i y ó $,default,
BelejeGonfoye-79_father-1,,BelejeGonfoye,79_father,boːbo,boːbo,b oː b o,,Bremer2016,,,^ b oː b o $,default,
Maiyu-80_bedirty-1,,Maiyu,80_bedirty,diɗí,diɗí,d i ɗ í/i,,Bremer2016,,,^ d i ɗ í $,default,ቆሸሸ
Fadashi-80_bedirty-1,,Fadashi,80_bedirty,diːde,diːde,d iː d e,,Bremer2016,,,^ d iː d e $,default,ቆሸሸ
Undulu-80_bedirty-1,,Undulu,80_bedirty,bɛlɛsí,bɛlɛsí,b ɛ l ɛ s í/i,,Bremer2016,,,^ b ɛ l ɛ s í $,default,ቆሸሸ
BelejeGonfoye-80_bedirty-1,,BelejeGonfoye,80_bedirty,diːɗolo,diːɗolo,d iː ɗ o l o,,Bremer2016,,,^ d iː ɗ o l o $,default,ቆሸሸ
Maiyu-81_rope-1,,Maiyu,81_rope,"diːŋí, mʊrθa",diːŋí,d iː ŋ í/i,,Bremer2016,,,^ d iː ŋ í $,default,ገመድ
Maiyu-81_rope-2,,Maiyu,81_rope,"diːŋí, mʊrθa",mʊrθa,m ʊ r θ a,,Bremer2016,,,^ m ʊ r θ a $,default,ገመድ
Fadashi-81_rope-1,,Fadashi,81_rope,maːrá,maːrá,m aː r á/a,,Bremer2016,,,^ m aː r á $,default,ገመድ
Undulu-81_rope-1,,Undulu,81_rope,marθá,marθá,m a r θ á/a,,Bremer2016,,,^ m a r θ á $,default,ገመድ
BelejeGonfoye-81_rope-1,,BelejeGonfoye,81_rope,deːɲi,deːɲi,d eː ɲ i,,Bremer2016,,,^ d eː ɲ i $,default,ገመድ
Maiyu-82_teacher-1,,Maiyu,82_teacher,maːbə́ gɛrəŋí,maːbə́_gɛrəŋí,m aː b ə́/ə + g ɛ r ə ŋ í/i,,Bremer2016,,,^ m aː b ə́ _ g ɛ r ə ŋ í $,default,አስተማሪ
Fadashi-82_teacher-1,,Fadashi,82_teacher,nda gɛraʔi,nda_gɛraʔi,n d a + g ɛ r a ʔ i,,Bremer2016,,,^ n d a _ g ɛ r a ʔ i $,default,አስተማሪ
Undulu-82_teacher-1,,Undulu,82_teacher,ndá gɛraʔí,ndá_gɛraʔí,n d á/a + g ɛ r a ʔ í/i,,Bremer2016,,,^ n d á _ g ɛ r a ʔ í $,default,አስተማሪ
BelejeGonfoye-82_teacher-1,,BelejeGonfoye,82_teacher,mba amotiʷa are,mba_amotiʷa_are,m b a + a m o t iʷ/iu̯ a + a r e,,Bremer2016,,,^ m b a _ a m o t iʷ a _ a r e $,default,አስተማሪ
Maiyu-83_farmer-1,,Maiyu,83_farmer,maːbá p’áːlí,maːbá_p’áːlí,m aː b á/a + p ʔ áː/aː l í/i,,Bremer2016,,,^ m aː b á _ p ’ áː l í $,default,ገበሬ
Fadashi-83_farmer-1,,Fadashi,83_farmer,nda ɓálí,nda_ɓálí,n d a + ɓ á/a l í/i,,Bremer2016,,,^ n d a _ ɓ á l í $,default,ገበሬ
Undulu-83_farmer-1,,Undulu,83_farmer,ndá ɓɛ́lí,ndá_ɓɛ́lí,n d á/a + ɓ ɛ́/ɛ l í/i,,Bremer2016,,,^ n d á _ ɓ ɛ́ l í $,default,ገበሬ
BelejeGonfoye-83_farmer-1,,BelejeGonfoye,83_farmer,mba ɓəli,mba_ɓəli,m b a + ɓ ə l i,,Bremer2016,,,^ m b a _ ɓ ə l i $,default,ገበሬ
Maiyu-84_sewmend-1,,Maiyu,84_sewmend,gɔrá,gɔrá,g ɔ r á/a,,Bremer2016,,,^ g ɔ r á $,default,ሰፋ
Fadashi-84_sewmend-1,,Fadashi,84_sewmend,korá,korá,k o r á/a,,Bremer2016,,,^ k o r á $,default,ሰፋ
Undulu-84_sewmend-1,,Undulu,84_sewmend,goráfa,goráfa,g o r á/a f a,,Bremer2016,,,^ g o r á f a $,default,ሰፋ
BelejeGonfoye-84_sewmend-1,,BelejeGonfoye,84_sewmend,gorá(ne),gorá,g o r á/a,,Bremer2016,,,^ g o r á $,default,ሰፋ
Maiyu-85_yesterday-1,,Maiyu,85_yesterday,dʒíːdí,dʒíːdí,dʒ íː/iː d í/i,,Bremer2016,,,^ dʒ íː d í $,default,
Fadashi-85_yesterday-1,,Fadashi,85_yesterday,gíːjé,gíːjé,g íː/iː j é/e,,Bremer2016,,,^ g íː j é $,default,
Undulu-85_yesterday-1,,Undulu,85_yesterday,gɪfé,gɪfé,g ɪ f é/e,,Bremer2016,,,^ g ɪ f é $,default,
BelejeGonfoye-85_yesterday-1,,BelejeGonfoye,85_yesterday,maːgiːʲe,maːgiːʲe,m aː g iːʲ/iː e,,Bremer2016,,,^ m aː g iːʲ e $,default,
Maiyu-86_jump-1,,Maiyu,86_jump,gʊ́da,gʊ́da,g ʊ́/ʊ d a,,Bremer2016,,,^ g ʊ́ d a $,default,ዘለለ
Fadashi-86_jump-1,,Fadashi,86_jump,gúːɗɛ,gúːɗɛ,g úː/uː ɗ ɛ,,Bremer2016,,,^ g úː ɗ ɛ $,default,ዘለለ
Undulu-86_jump-1,,Undulu,86_jump,ho:ré,ho:ré,h oː r é/e,,Bremer2016,,,^ h o: r é $,default,ዘለለ
BelejeGonfoye-86_jump-1,,BelejeGonfoye,86_jump,hóɾé,hóɾé,h ó/o ɾ é/e,,Bremer2016,,,^ h ó ɾ é $,default,ዘለለ
Maiyu-87_baboon-1,,Maiyu,87_baboon,dʊ́ʷosh,dʊ́ʷosh,d ʊ́ʷ/ʊu̯ o sh/ʃ,,Bremer2016,,,^ d ʊ́ʷ o sh $,default,ዝንጀሮ
Fadashi-87_baboon-1,,Fadashi,87_baboon,duʔaʃ,duʔaʃ,d u ʔ a ʃ,,Bremer2016,,,^ d u ʔ a ʃ $,default,ዝንጀሮ
Undulu-87_baboon-1,,Undulu,87_baboon,tóːʃ,tóːʃ,t óː/oː ʃ,,Bremer2016,,,^ t óːʃ $,default,ዝንጀሮ
BelejeGonfoye-87_baboon-1,,BelejeGonfoye,87_baboon,doːʃi,doːʃi,d oː ʃ i,,Bremer2016,,,^ d oː ʃ i $,default,ዝንጀሮ
Maiyu-88_bedifferentdiffer-1,,Maiyu,88_bedifferentdiffer,ɗɛfəru,ɗɛfəru,ɗ ɛ f ə r u,,Bremer2016,,,^ ɗ ɛ f ə r u $,default,ተለየ
Fadashi-88_bedifferentdiffer-1,,Fadashi,88_bedifferentdiffer,faːra gundi,faːra_gundi,f aː r a + g u n d i,,Bremer2016,,,^ f aː r a _ g u n d i $,default,ተለየ
Undulu-88_bedifferentdiffer-1,,Undulu,88_bedifferentdiffer,dɛgasu úlú,dɛgasu_úlú,d ɛ g a s u + ú/u l ú/u,,Bremer2016,,,^ d ɛ g a s u _ ú l ú $,default,ተለየ
BelejeGonfoye-88_bedifferentdiffer-1,,BelejeGonfoye,88_bedifferentdiffer,aʔteʲʔe,aʔteʲʔe,a ʔ t eʲ/ei̯ ʔ e,,Bremer2016,,,^ a ʔ t eʲ ʔ e $,default,ተለየ
Maiyu-89_daybeforeyesterday-1,,Maiyu,89_daybeforeyesterday,dʒíːdímáŋ,dʒíːdímáŋ,dʒ íː/iː d í/i m á/a ŋ,,Bremer2016,,,^ dʒ íː d í m á ŋ $,default,ከትላንት ወዲያ
Fadashi-89_daybeforeyesterday-1,,Fadashi,89_daybeforeyesterday,giːʲa menːdo,giːʲa_menːdo,g iːʲ/iː a + m e nː d o,,Bremer2016,,,^ g iːʲ a _ m e nː d o $,default,ከትላንት ወዲያ
Undulu-89_daybeforeyesterday-1,,Undulu,89_daybeforeyesterday,mːóːsɛle,mːóːsɛle,mː óː/oː s ɛ l e,,Bremer2016,,,^ mː óːs ɛ l e $,default,ከትላንት ወዲያ
BelejeGonfoye-89_daybeforeyesterday-1,,BelejeGonfoye,89_daybeforeyesterday,uʔweː duɲku,uʔweː_duɲku,u ʔ w eː + d u ɲ k u,,Bremer2016,,,^ u ʔw eː _ d u ɲ k u $,default,ከትላንት ወዲያ
Maiyu-90_today-1,,Maiyu,90_today,ʃɛkɔŋ,ʃɛkɔŋ,ʃ ɛ k ɔ ŋ,,Bremer2016,,,^ ʃ ɛ k ɔ ŋ $,default,
Fadashi-90_today-1,,Fadashi,90_today,hosʃoɗaŋ,hosʃoɗaŋ,h o s ʃ o ɗ a ŋ,,Bremer2016,,,^ h o sʃ o ɗ a ŋ $,default,
Undulu-90_today-1,,Undulu,90_today,təkːolé,təkːolé,t ə kː o l é/e,,Bremer2016,,,^ t ə kː o l é $,default,
BelejeGonfoye-90_today-1,,BelejeGonfoye,90_today,toʷkulalo,toʷkulalo,t oʷ/ou̯ k u l a l o,,Bremer2016,,,^ t oʷ k u l a l o $,default,
Maiyu-91_grow-1,,Maiyu,91_grow,ɗáːŋa,ɗáːŋa,ɗ áː/aː ŋ a,,Bremer2016,,,^ ɗ áː ŋ a $,default,አደገ
Fadashi-91_grow-1,,Fadashi,91_grow,ɗuɲé,ɗuɲé,ɗ u ɲ é/e,,Bremer2016,,,^ ɗ u ɲ é $,default,አደገ
Undulu-91_grow-1,,Undulu,91_grow,ɗúɲé,ɗúɲé,ɗ ú/u ɲ é/e,,Bremer2016,,,^ ɗ ú ɲ é $,default,አደገ
BelejeGonfoye-91_grow-1,,BelejeGonfoye,91_grow,ɗuːɲe,ɗuːɲe,ɗ uː ɲ e,,Bremer2016,,,^ ɗ uː ɲ e $,default,አደገ
Maiyu-92_becold-1,,Maiyu,92_becold,ɗɛʃí,ɗɛʃí,ɗ ɛ ʃ í/i,,Bremer2016,,,^ ɗ ɛ ʃ í $,default,ቀዘቀዘ
Fadashi-92_becold-1,,Fadashi,92_becold,ɗaːʃé,ɗaːʃé,ɗ aː ʃ é/e,,Bremer2016,,,^ ɗ aː ʃ é $,default,ቀዘቀዘ
Undulu-92_becold-1,,Undulu,92_becold,ɗaʃé,ɗaʃé,ɗ a ʃ é/e,,Bremer2016,,,^ ɗ a ʃ é $,default,ቀዘቀዘ
BelejeGonfoye-92_becold-1,,BelejeGonfoye,92_becold,ɗaːse,ɗaːse,ɗ aː s e,,Bremer2016,,,^ ɗ aː s e $,default,ቀዘቀዘ
Maiyu-93_ask-1,,Maiyu,93_ask,ɗɔk’ɔθa,ɗɔk’ɔθa,ɗ ɔ k ʔ ɔ θ a,,Bremer2016,,,^ ɗ ɔ k ’ ɔ θ a $,default,ጠየቀ
Fadashi-93_ask-1,,Fadashi,93_ask,ɗokoθa,ɗokoθa,ɗ o k o θ a,,Bremer2016,,,^ ɗ o k o θ a $,default,ጠየቀ
Undulu-93_ask-1,,Undulu,93_ask,dukuθa,dukuθa,d u k u θ a,,Bremer2016,,,^ d u k u θ a $,default,ጠየቀ
BelejeGonfoye-93_ask-1,,BelejeGonfoye,93_ask,dokolɛne,dokolɛne,d o k o l ɛ n e,,Bremer2016,,,^ d o k o l ɛ n e $,default,ጠየቀ
Maiyu-94_sitsitdown-1,,Maiyu,94_sitsitdown,ɗɔŋɔ́ʃa,ɗɔŋɔ́ʃa,ɗ ɔ ŋ ɔ́/ɔ ʃ a,,Bremer2016,,,^ ɗ ɔ ŋ ɔ́ ʃ a $,default,ተቀመጠ
Fadashi-94_sitsitdown-1,,Fadashi,94_sitsitdown,ɗoŋoʃa,ɗoŋoʃa,ɗ o ŋ o ʃ a,,Bremer2016,,,^ ɗ o ŋ o ʃ a $,default,ተቀመጠ
Undulu-94_sitsitdown-1,,Undulu,94_sitsitdown,ʃəŋóːθa,ʃəŋóːθa,ʃ ə ŋ óː/oː θ a,,Bremer2016,,,^ ʃ ə ŋ óː θ a $,default,ተቀመጠ
BelejeGonfoye-94_sitsitdown-1,,BelejeGonfoye,94_sitsitdown,ɗoŋose,ɗoŋose,ɗ o ŋ o s e,,Bremer2016,,,^ ɗ o ŋ o s e $,default,ተቀመጠ
Maiyu-95_beshort-1,,Maiyu,95_beshort,ɗʊ́gurí,ɗʊ́gurí,ɗ ʊ́/ʊ g u r í/i,,Bremer2016,,,^ ɗ ʊ́ g u r í $,default,አጠረ
Fadashi-95_beshort-1,,Fadashi,95_beshort,tʃ’ɪdɛri,tʃ’ɪdɛri,tʃ ʔ ɪ d ɛ r i,,Bremer2016,,,^ tʃ ’ ɪ d ɛ r i $,default,አጠረ
Undulu-95_beshort-1,,Undulu,95_beshort,dʒidɛri,dʒidɛri,dʒ i d ɛ r i,,Bremer2016,,,^ dʒ i d ɛ r i $,default,አጠረ
BelejeGonfoye-95_beshort-1,,BelejeGonfoye,95_beshort,k’ideɾe,k’ideɾe,k ʔ i d e ɾ e,,Bremer2016,,,^ k ’ i d e ɾ e $,default,አጠረ
Maiyu-96_smoken-1,,Maiyu,96_smoken,ɗʊːθa,ɗʊːθa,ɗ ʊː θ a,,Bremer2016,,,^ ɗ ʊː θ a $,default,ጭስ
Fadashi-96_smoken-1,,Fadashi,96_smoken,ɗoːθa,ɗoːθa,ɗ oː θ a,,Bremer2016,,,^ ɗ oː θ a $,default,ጭስ
Undulu-96_smoken-1,,Undulu,96_smoken,ɗuːθa,ɗuːθa,ɗ uː θ a,,Bremer2016,,,^ ɗ uː θ a $,default,ጭስ
BelejeGonfoye-96_smoken-1,,BelejeGonfoye,96_smoken,ɗuːla,ɗuːla,ɗ uː l a,,Bremer2016,,,^ ɗ uː l a $,default,ጭስ
Maiyu-97_judgev-1,,Maiyu,97_judgev,fə́rada,fə́rada,f ə́/ə r a d a,,Bremer2016,,,^ f ə́ r a d a $,default,ፈረደ
Fadashi-97_judgev-1,,Fadashi,97_judgev,"fárada, haga mofa",fárada,f á/a r a d a,,Bremer2016,,,^ f á r a d a $,default,ፈረደ
Fadashi-97_judgev-2,,Fadashi,97_judgev,"fárada, haga mofa",haga_mofa,h a g a + m o f a,,Bremer2016,,,^ h a g a _ m o f a $,default,ፈረደ
Undulu-97_judgev-1,,Undulu,97_judgev,haga mofa,haga_mofa,h a g a + m o f a,,Bremer2016,,,^ h a g a _ m o f a $,default,ፈረደ
BelejeGonfoye-97_judgev-1,,BelejeGonfoye,97_judgev,ne k’ilogɛ nɛne,ne_k’ilogɛ_nɛne,n e + k ʔ i l o g ɛ + n ɛ n e,,Bremer2016,,,^ n e _ k ’ i l o g ɛ _ n ɛ n e $,default,ፈረደ
Fadashi-98_proudconceited-1,,Fadashi,98_proudconceited,ʃoːfaʔi,ʃoːfaʔi,ʃ oː f a ʔ i,,Bremer2016,,,^ ʃ oː f a ʔ i $,default,ኩራተኛ
Undulu-98_proudconceited-1,,Undulu,98_proudconceited,kiθ kɛné,kiθ_kɛné,k i θ + k ɛ n é/e,,Bremer2016,,,^ k i θ _ k ɛ n é $,default,ኩራተኛ
BelejeGonfoye-98_proudconceited-1,,BelejeGonfoye,98_proudconceited,hoɓəde,hoɓəde,h o ɓ ə d e,,Bremer2016,,,^ h o ɓ ə d e $,default,ኩራተኛ
Maiyu-99_oil-1,,Maiyu,99_oil,k’ɔʃ,k’ɔʃ,k ʔ ɔ ʃ,,Bremer2016,,,^ k ’ ɔ ʃ $,default,ዘይት
Fadashi-99_oil-1,,Fadashi,99_oil,k’oʃ,k’oʃ,k ʔ o ʃ,,Bremer2016,,,^ k ’ o ʃ $,default,ዘይት
Undulu-99_oil-1,,Undulu,99_oil,k’oʃ,k’oʃ,k ʔ o ʃ,,Bremer2016,,,^ k ’ o ʃ $,default,ዘይት
BelejeGonfoye-99_oil-1,,BelejeGonfoye,99_oil,k’oɾi,k’oɾi,k ʔ o ɾ i,,Bremer2016,,,^ k ’ o ɾ i $,default,ዘይት
Maiyu-100_boat-1,,Maiyu,100_boat,k’urfe,k’urfe,k ʔ u r f e,,Bremer2016,,,^ k ’ u r f e $,default,መርከብ
Fadashi-100_boat-1,,Fadashi,100_boat,k’urfe,k’urfe,k ʔ u r f e,,Bremer2016,,,^ k ’ u r f e $,default,መርከብ
Undulu-100_boat-1,,Undulu,100_boat,bidɛru,bidɛru,b i d ɛ r u,,Bremer2016,,,^ b i d ɛ r u $,default,መርከብ
Maiyu-101_again-1,,Maiyu,101_again,fíʃ,fíʃ,f í/i ʃ,,Bremer2016,,,^ f í ʃ $,default,ኣንደገና
Fadashi-101_again-1,,Fadashi,101_again,moːθeju / fiʃ,moːθeju,m oː θ e j u,,Bremer2016,,,^ m oː θ e j u $,default,ኣንደገና
Fadashi-101_again-2,,Fadashi,101_again,moːθeju / fiʃ,fiʃ,f i ʃ,,Bremer2016,,,^ f i ʃ $,default,ኣንደገና
Undulu-101_again-1,,Undulu,101_again,mɪʃiŋ́̊,mɪʃiŋ́̊,m ɪ ʃ i ŋ́̊/ŋ̍,,Bremer2016,,,^ m ɪ ʃ i ŋ́̊ $,default,ኣንደገና
BelejeGonfoye-101_again-1,,BelejeGonfoye,101_again,ŋolalolo,ŋolalolo,ŋ o l a l o l o,,Bremer2016,,,^ ŋ o l a l o l o $,default,ኣንደገና
Maiyu-102_money-1,,Maiyu,102_money,fʊːda,fʊːda,f ʊː d a,,Bremer2016,,,^ f ʊː d a $,default,ገንዘብ
Fadashi-102_money-1,,Fadashi,102_money,hoːda,hoːda,h oː d a,,Bremer2016,,,^ h oː d a $,default,ገንዘብ
Undulu-102_money-1,,Undulu,102_money,birɗi,birɗi,b i r ɗ i,,Bremer2016,,,^ b i r ɗ i $,default,ገንዘብ
BelejeGonfoye-102_money-1,,BelejeGonfoye,102_money,sɪmbɪli,sɪmbɪli,s ɪ m b ɪ l i,,Bremer2016,,,^ s ɪ m b ɪ l i $,default,ገንዘብ
Maiyu-103_rabbit-1,,Maiyu,103_rabbit,fʊ́ːfúr,fʊ́ːfúr,f ʊ́ː/ʊː f ú/u r,,Bremer2016,,,^ f ʊ́ː f ú r $,default,ጥንቸል
Fadashi-103_rabbit-1,,Fadashi,103_rabbit,hóːhór,hóːhór,h óː/oː h ó/o r,,Bremer2016,,,^ h óːh ó r $,default,ጥንቸል
Undulu-103_rabbit-1,,Undulu,103_rabbit,fúːfúr,fúːfúr,f úː/uː f ú/u r,,Bremer2016,,,^ f úː f ú r $,default,ጥንቸል
BelejeGonfoye-103_rabbit-1,,BelejeGonfoye,103_rabbit,aːʷoːɾi,aːʷoːɾi,aːʷ/aːu̯ oː ɾ i,,Bremer2016,,,^ aːʷ oː ɾ i $,default,ጥንቸል
Maiyu-104_beforetime-1,,Maiyu,104_beforetime,gə́bʊl,gə́bʊl,g ə́/ə b ʊ l,,Bremer2016,,,^ g ə́ b ʊ l $,default,በፊት
Fadashi-104_beforetime-1,,Fadashi,104_beforetime,ɓəɗé,ɓəɗé,ɓ ə ɗ é/e,,Bremer2016,,,^ ɓ ə ɗ é $,default,በፊት
Undulu-104_beforetime-1,,Undulu,104_beforetime,ɓɛɗé,ɓɛɗé,ɓ ɛ ɗ é/e,,Bremer2016,,,^ ɓ ɛ ɗ é $,default,በፊት
BelejeGonfoye-104_beforetime-1,,BelejeGonfoye,104_beforetime,lara gundi,lara_gundi,l a r a + g u n d i,,Bremer2016,,,^ l a r a _ g u n d i $,default,በፊት
Maiyu-105_bamboo-1,,Maiyu,105_bamboo,kaːgú,kaːgú,k aː g ú/u,,Bremer2016,,,^ k aː g ú $,default,ቀርከሀ
Fadashi-105_bamboo-1,,Fadashi,105_bamboo,kaːgú,kaːgú,k aː g ú/u,,Bremer2016,,,^ k aː g ú $,default,ቀርከሀ
Undulu-105_bamboo-1,,Undulu,105_bamboo,gaːgú,gaːgú,g aː g ú/u,,Bremer2016,,,^ g aː g ú $,default,ቀርከሀ
BelejeGonfoye-105_bamboo-1,,BelejeGonfoye,105_bamboo,kaːgu,kaːgu,k aː g u,,Bremer2016,,,^ k aː g u $,default,ቀርከሀ
Maiyu-106_begreen-1,,Maiyu,106_begreen,gɛlasí,gɛlasí,g ɛ l a s í/i,,Bremer2016,,,^ g ɛ l a s í $,default,አረንጓዴ ሆነ
Fadashi-106_begreen-1,,Fadashi,106_begreen,galasí,galasí,g a l a s í/i,,Bremer2016,,,^ g a l a s í $,default,አረንጓዴ ሆነ
Undulu-106_begreen-1,,Undulu,106_begreen,galazí,galazí,g a l a z í/i,,Bremer2016,,,^ g a l a z í $,default,አረንጓዴ ሆነ
BelejeGonfoye-106_begreen-1,,BelejeGonfoye,106_begreen,mbə gɛgɛdəkɛdi,mbə_gɛgɛdəkɛdi,m b ə + g ɛ g ɛ d ə k ɛ d i,,Bremer2016,,,^ m b ə _ g ɛ g ɛ d ə k ɛ d i $,default,አረንጓዴ ሆነ
Maiyu-107_dew-1,,Maiyu,107_dew,gas’iʲa,gas’iʲa,g a s ʔ iʲ/i a,,Bremer2016,,,^ g a s ’ iʲ a $,default,ጤዛ
Fadashi-107_dew-1,,Fadashi,107_dew,gas’ia,gas’ia,g a s ʔ i a,,Bremer2016,,,^ g a s ’ i a $,default,ጤዛ
Undulu-107_dew-1,,Undulu,107_dew,gas’ia,gas’ia,g a s ʔ i a,,Bremer2016,,,^ g a s ’ i a $,default,ጤዛ
BelejeGonfoye-107_dew-1,,BelejeGonfoye,107_dew,k’ɛtʃ’iʲa,k’ɛtʃ’iʲa,k ʔ ɛ tʃ ʔ iʲ/i a,,Bremer2016,,,^ k ’ ɛ tʃ ’ iʲ a $,default,ጤዛ
Maiyu-108_greetvisit-1,,Maiyu,108_greetvisit,geːra,geːra,g eː r a,,Bremer2016,,,^ g eː r a $,default,ሰላም አለ
Fadashi-108_greetvisit-1,,Fadashi,108_greetvisit,gɛːra,gɛːra,g ɛː r a,,Bremer2016,,,^ g ɛː r a $,default,ሰላም አለ
Undulu-108_greetvisit-1,,Undulu,108_greetvisit,gɛːré,gɛːré,g ɛː r é/e,,Bremer2016,,,^ g ɛː r é $,default,ሰላም አለ
BelejeGonfoye-108_greetvisit-1,,BelejeGonfoye,108_greetvisit,gera,gera,g e r a,,Bremer2016,,,^ g e r a $,default,ሰላም አለ
Maiyu-109_oneday-1,,Maiyu,109_oneday,jom,jom,j o m,,Bremer2016,,,^ j o m $,default,
Fadashi-109_oneday-1,,Fadashi,109_oneday,muːzeju manenku,muːzeju_manenku,m uː z e j u + m a n e n k u,,Bremer2016,,,^ m uː z e j u _ m a n e n k u $,default,
Undulu-109_oneday-1,,Undulu,109_oneday,munzóː munenko,munzóː_munenko,m u n z óː/oː + m u n e n k o,,Bremer2016,,,^ m u n z óː _ m u n e n k o $,default,
BelejeGonfoye-109_oneday-1,,BelejeGonfoye,109_oneday,le mʷoɲʃo,le_mʷoɲʃo,l e + mʷ o ɲ ʃ o,,Bremer2016,,,^ l e _ mʷ o ɲʃ o $,default,
Maiyu-110_or-1,,Maiyu,110_or,wɛlːa,wɛlːa,w ɛ lː a,,Bremer2016,,,^ w ɛ lː a $,default,ወይም
Fadashi-110_or-1,,Fadashi,110_or,wɛ́lːa,wɛ́lːa,w ɛ́/ɛ lː a,,Bremer2016,,,^ w ɛ́ lː a $,default,ወይም
Undulu-110_or-1,,Undulu,110_or,wɛ́lːa,wɛ́lːa,w ɛ́/ɛ lː a,,Bremer2016,,,^ w ɛ́ lː a $,default,ወይም
BelejeGonfoye-110_or-1,,BelejeGonfoye,110_or,mbeːʔe,mbeːʔe,m b eː ʔ e,,Bremer2016,,,^ m b eː ʔ e $,default,ወይም
Maiyu-111_fish-1,,Maiyu,111_fish,yəguθ,yəguθ,y ə g u θ,,Bremer2016,,,^ y ə g u θ $,default,አሳ
Fadashi-111_fish-1,,Fadashi,111_fish,nɛgú,nɛgú,n ɛ g ú/u,,Bremer2016,,,^ n ɛ g ú $,default,አሳ
Undulu-111_fish-1,,Undulu,111_fish,aːmondín,aːmondín,aː m o n d í/i n,,Bremer2016,,,^ aː m o n d í n $,default,አሳ
BelejeGonfoye-111_fish-1,,BelejeGonfoye,111_fish,nəgu,nəgu,n ə g u,,Bremer2016,,,^ n ə g u $,default,አሳ
Maiyu-112_riddle-1,,Maiyu,112_riddle,dʒín daːlíʲa,dʒín_daːlíʲa,dʒ í/i n + d aː l íʲ/i a,,Bremer2016,,,^ dʒ í n _ d aː l íʲ a $,default,እንቆቅልሽ
Fadashi-112_riddle-1,,Fadashi,112_riddle,gíndaːlía,gíndaːlía,g í/i n d aː l í/i a,,Bremer2016,,,^ g í n d aː l í a $,default,እንቆቅልሽ
Undulu-112_riddle-1,,Undulu,112_riddle,gíndaalía,gíndaalía,g í/i n d aː l í/i a,,Bremer2016,,,^ g í n d aa l í a $,default,እንቆቅልሽ
BelejeGonfoye-112_riddle-1,,BelejeGonfoye,112_riddle,aːoːɾi,aːoːɾi,aː oː ɾ i,,Bremer2016,,,^ aː oː ɾ i $,default,እንቆቅልሽ
Maiyu-113_problemdisturbance-1,,Maiyu,113_problemdisturbance,"dʒín húshi, rɔθa siː",dʒín_húshi,dʒ í/i n + h ú/u sh/ʃ i,,Bremer2016,,,^ dʒ í n _ h ú sh i $,default,ችግር
Maiyu-113_problemdisturbance-2,,Maiyu,113_problemdisturbance,"dʒín húshi, rɔθa siː",rɔθa_siː,r ɔ θ a + s iː,,Bremer2016,,,^ r ɔ θ a _ s iː $,default,ችግር
Fadashi-113_problemdisturbance-1,,Fadashi,113_problemdisturbance,rora síʔí,rora_síʔí,r o r a + s í/i ʔ í/i,,Bremer2016,,,^ r o r a _ s í ʔ í $,default,ችግር
Undulu-113_problemdisturbance-1,,Undulu,113_problemdisturbance,θora síʔí,θora_síʔí,θ o r a + s í/i ʔ í/i,,Bremer2016,,,^ θ o r a _ s í ʔ í $,default,ችግር
BelejeGonfoye-113_problemdisturbance-1,,BelejeGonfoye,113_problemdisturbance,sɛɾi,sɛɾi,s ɛ ɾ i,,Bremer2016,,,^ s ɛ ɾ i $,default,ችግር
Maiyu-114_smalllittle-1,,Maiyu,114_smalllittle,k’ɔs’í,k’ɔs’í,k ʔ ɔ s ʔ í/i,,Bremer2016,,,^ k ’ ɔ s ’ í $,default,ትንሽ
Fadashi-114_smalllittle-1,,Fadashi,114_smalllittle,"nengwalé, k’osí",nengwalé,n e n g w a l é/e,,Bremer2016,,,^ n e n gw a l é $,default,ትንሽ
Fadashi-114_smalllittle-2,,Fadashi,114_smalllittle,"nengwalé, k’osí",k’osí,k ʔ o s í/i,,Bremer2016,,,^ k ’ o s í $,default,ትንሽ
Undulu-114_smalllittle-1,,Undulu,114_smalllittle,gwa léːʃo,gwa_léːʃo,g w a + l éː/eː ʃ o,,Bremer2016,,,^ gw a _ l éːʃ o $,default,ትንሽ
BelejeGonfoye-114_smalllittle-1,,BelejeGonfoye,114_smalllittle,bɛbilolo,bɛbilolo,b ɛ b i l o l o,,Bremer2016,,,^ b ɛ b i l o l o $,default,ትንሽ
Maiyu-115_spineback-1,,Maiyu,115_spineback,gʊndi,gʊndi,g ʊ n d i,,Bremer2016,,,^ g ʊ n d i $,default,ጀራባ፣አከርካሪ
Fadashi-115_spineback-1,,Fadashi,115_spineback,gundi,gundi,g u n d i,,Bremer2016,,,^ g u n d i $,default,ጀራባ፣አከርካሪ
Undulu-115_spineback-1,,Undulu,115_spineback,guːndó,guːndó,g uː n d ó/o,,Bremer2016,,,^ g uː n d ó $,default,ጀራባ፣አከርካሪ
BelejeGonfoye-115_spineback-1,,BelejeGonfoye,115_spineback,gundi,gundi,g u n d i,,Bremer2016,,,^ g u n d i $,default,ጀራባ፣አከርካሪ
Maiyu-116_behindinthebackof-1,,Maiyu,116_behindinthebackof,ma gundi,ma_gundi,m a + g u n d i,,Bremer2016,,,^ m a _ g u n d i $,default,ከጀርባ፣ከኋላ
Fadashi-116_behindinthebackof-1,,Fadashi,116_behindinthebackof,ma gundi,ma_gundi,m a + g u n d i,,Bremer2016,,,^ m a _ g u n d i $,default,ከጀርባ፣ከኋላ
Undulu-116_behindinthebackof-1,,Undulu,116_behindinthebackof,gundi,gundi,g u n d i,,Bremer2016,,,^ g u n d i $,default,ከጀርባ፣ከኋላ
BelejeGonfoye-116_behindinthebackof-1,,BelejeGonfoye,116_behindinthebackof,ma gundu,ma_gundu,m a + g u n d u,,Bremer2016,,,^ m a _ g u n d u $,default,ከጀርባ፣ከኋላ
Maiyu-117_tail-1,,Maiyu,117_tail,abaro,abaro,a b a r o,,Bremer2016,,,^ a b a r o $,default,ጅራት
Fadashi-117_tail-1,,Fadashi,117_tail,abɛre,abɛre,a b ɛ r e,,Bremer2016,,,^ a b ɛ r e $,default,ጅራት
Undulu-117_tail-1,,Undulu,117_tail,abɛre,abɛre,a b ɛ r e,,Bremer2016,,,^ a b ɛ r e $,default,ጅራት
BelejeGonfoye-117_tail-1,,BelejeGonfoye,117_tail,abare,abare,a b a r e,,Bremer2016,,,^ a b a r e $,default,ጅራት
Maiyu-118_shepherd-1,,Maiyu,118_shepherd,haːʃi,haːʃi,h aː ʃ i,,Bremer2016,,,^ h aː ʃ i $,default,እረኛ
Fadashi-118_shepherd-1,,Fadashi,118_shepherd,haːʃe,haːʃe,h aː ʃ e,,Bremer2016,,,^ h aː ʃ e $,default,እረኛ
Undulu-118_shepherd-1,,Undulu,118_shepherd,həːnʃe,həːnʃe,h əː n ʃ e,,Bremer2016,,,^ h əː nʃ e $,default,እረኛ
BelejeGonfoye-118_shepherd-1,,BelejeGonfoye,118_shepherd,haːse,haːse,h aː s e,,Bremer2016,,,^ h aː s e $,default,እረኛ
Maiyu-119_tree-1,,Maiyu,119_tree,s’ɪs’íʲa,s’ɪs’íʲa,s ʔ ɪ s ʔ íʲ/i a,,Bremer2016,,,^ s ’ ɪ s ’ íʲ a $,default,ዛፍ
Fadashi-119_tree-1,,Fadashi,119_tree,ɪŋgolé,ɪŋgolé,ɪ ŋ g o l é/e,,Bremer2016,,,^ ɪ ŋ g o l é $,default,ዛፍ
Undulu-119_tree-1,,Undulu,119_tree,oŋgolé,oŋgolé,o ŋ g o l é/e,,Bremer2016,,,^ o ŋ g o l é $,default,ዛፍ
BelejeGonfoye-119_tree-1,,BelejeGonfoye,119_tree,ɪŋgóle,ɪŋgóle,ɪ ŋ g ó/o l e,,Bremer2016,,,^ ɪ ŋ g ó l e $,default,ዛፍ
Maiyu-120_wood-1,,Maiyu,120_wood,s’ɪs’iʲa hɔʃɛli,s’ɪs’iʲa_hɔʃɛli,s ʔ ɪ s ʔ iʲ/i a + h ɔ ʃ ɛ l i,,Bremer2016,,,^ s ’ ɪ s ’ iʲ a _ h ɔ ʃ ɛ l i $,default,እንጨት
Fadashi-120_wood-1,,Fadashi,120_wood,ɪŋgolé holɛfa,ɪŋgolé_holɛfa,ɪ ŋ g o l é/e + h o l ɛ f a,,Bremer2016,,,^ ɪ ŋ g o l é _ h o l ɛ f a $,default,እንጨት
Undulu-120_wood-1,,Undulu,120_wood,oŋgolé hoʃɛle,oŋgolé_hoʃɛle,o ŋ g o l é/e + h o ʃ ɛ l e,,Bremer2016,,,^ o ŋ g o l é _ h o ʃ ɛ l e $,default,እንጨት
BelejeGonfoye-120_wood-1,,BelejeGonfoye,120_wood,ɪŋgóle hosale,ɪŋgóle_hosale,ɪ ŋ g ó/o l e + h o s a l e,,Bremer2016,,,^ ɪ ŋ g ó l e _ h o s a l e $,default,እንጨት
Maiyu-121_mourncry-1,,Maiyu,121_mourncry,"hɔna, biːʲe",hɔna,h ɔ n a,,Bremer2016,,,^ h ɔ n a $,default,አለቀሰ
Maiyu-121_mourncry-2,,Maiyu,121_mourncry,"hɔna, biːʲe",biːʲe,b iːʲ/iː e,,Bremer2016,,,^ b iːʲ e $,default,አለቀሰ
Fadashi-121_mourncry-1,,Fadashi,121_mourncry,ɓaːʲe,ɓaːʲe,ɓ aːʲ/aːi̯ e,,Bremer2016,,,^ ɓ aːʲ e $,default,አለቀሰ
Undulu-121_mourncry-1,,Undulu,121_mourncry,biːʲe,biːʲe,b iːʲ/iː e,,Bremer2016,,,^ b iːʲ e $,default,አለቀሰ
BelejeGonfoye-121_mourncry-1,,BelejeGonfoye,121_mourncry,biːʲe,biːʲe,b iːʲ/iː e,,Bremer2016,,,^ b iːʲ e $,default,አለቀሰ
Maiyu-122_bedry-1,,Maiyu,122_bedry,hɔʃəla,hɔʃəla,h ɔ ʃ ə l a,,Bremer2016,,,^ h ɔ ʃ ə l a $,default,ደረቀ
Fadashi-122_bedry-1,,Fadashi,122_bedry,hoʃɛle,hoʃɛle,h o ʃ ɛ l e,,Bremer2016,,,^ h o ʃ ɛ l e $,default,ደረቀ
Undulu-122_bedry-1,,Undulu,122_bedry,hoʃala,hoʃala,h o ʃ a l a,,Bremer2016,,,^ h o ʃ a l a $,default,ደረቀ
BelejeGonfoye-122_bedry-1,,BelejeGonfoye,122_bedry,hosalé,hosalé,h o s a l é/e,,Bremer2016,,,^ h o s a l é $,default,ደረቀ
Maiyu-123_egg-1,,Maiyu,123_egg,húhúlú,húhúlú,h ú/u h ú/u l ú/u,,Bremer2016,,,^ h ú h ú l ú $,default,እንቁላል
Fadashi-123_egg-1,,Fadashi,123_egg,hólú,hólú,h ó/o l ú/u,,Bremer2016,,,^ h ó l ú $,default,እንቁላል
Undulu-123_egg-1,,Undulu,123_egg,hóːhólú,hóːhólú,h óː/oː h ó/o l ú/u,,Bremer2016,,,^ h óːh ó l ú $,default,እንቁላል
BelejeGonfoye-123_egg-1,,BelejeGonfoye,123_egg,hoːholo,hoːholo,h oː h o l o,,Bremer2016,,,^ h oː h o l o $,default,እንቁላል
Maiyu-124_moon-1,,Maiyu,124_moon,sɪgi,sɪgi,s ɪ g i,,Bremer2016,,,^ s ɪ g i $,default,
Fadashi-124_moon-1,,Fadashi,124_moon,sigi,sigi,s i g i,,Bremer2016,,,^ s i g i $,default,
Undulu-124_moon-1,,Undulu,124_moon,zigi,zigi,z i g i,,Bremer2016,,,^ z i g i $,default,
BelejeGonfoye-124_moon-1,,BelejeGonfoye,124_moon,dʒigi,dʒigi,dʒ i g i,,Bremer2016,,,^ dʒ i g i $,default,
Maiyu-125_play-1,,Maiyu,125_play,íːla,íːla,íː/iː l a,,Bremer2016,,,^ íː l a $,default,ተጫወተ
Fadashi-125_play-1,,Fadashi,125_play,iʔile,iʔile,i ʔ i l e,,Bremer2016,,,^ i ʔ i l e $,default,ተጫወተ
Undulu-125_play-1,,Undulu,125_play,ííla,ííla,íí/iː l a,,Bremer2016,,,^ íí l a $,default,ተጫወተ
BelejeGonfoye-125_play-1,,BelejeGonfoye,125_play,iːle,iːle,iː l e,,Bremer2016,,,^ iː l e $,default,ተጫወተ
Maiyu-126_star-1,,Maiyu,126_star,íís’u,íís’u,íí/iː s ʔ u,,Bremer2016,,,^ íí s ’ u $,default,ኮከብ
Fadashi-126_star-1,,Fadashi,126_star,íːs’u,íːs’u,íː/iː s ʔ u,,Bremer2016,,,^ íː s ’ u $,default,ኮከብ
Undulu-126_star-1,,Undulu,126_star,íːs’u,íːs’u,íː/iː s ʔ u,,Bremer2016,,,^ íː s ’ u $,default,ኮከብ
BelejeGonfoye-126_star-1,,BelejeGonfoye,126_star,bəruru,bəruru,b ə r u r u,,Bremer2016,,,^ b ə r u r u $,default,ኮከብ
Maiyu-127_week-1,,Maiyu,127_week,ɪzbu,ɪzbu,ɪ z b u,,Bremer2016,,,^ ɪ z b u $,default,ሳምንት
Fadashi-127_week-1,,Fadashi,127_week,ador,ador,a d o r,,Bremer2016,,,^ a d o r $,default,ሳምንት
Undulu-127_week-1,,Undulu,127_week,θabaholeyu minːegu,θabaholeyu_minːegu,θ a b a h o l e y u + m i nː e g u,,Bremer2016,,,^ θ a b a h o l e y u _ m i nː e g u $,default,ሳምንት
BelejeGonfoye-127_week-1,,BelejeGonfoye,127_week,uːwé dunk’u,uːwé_dunk’u,uː w é/e + d u n k ʔ u,,Bremer2016,,,^ uː w é _ d u n k ’ u $,default,ሳምንት
Maiyu-128_alwaysdaily-1,,Maiyu,128_alwaysdaily,mufaiʲo tʃ’ílːíŋ,mufaiʲo_tʃ’ílːíŋ,m u f a iʲ/i o + tʃ ʔ í/i lː í/i ŋ,,Bremer2016,,,^ m u f a iʲ o _ tʃ ’ í lː í ŋ $,default,ቀን በ ቀን
Fadashi-128_alwaysdaily-1,,Fadashi,128_alwaysdaily,muje muje,muje_muje,m u j e + m u j e,,Bremer2016,,,^ m u j e _ m u j e $,default,ቀን በ ቀን
BelejeGonfoye-128_alwaysdaily-1,,BelejeGonfoye,128_alwaysdaily,li mundʒu li mundʒu,li_mundʒu_li_mundʒu,l i + m u n dʒ u + l i + m u n dʒ u,,Bremer2016,,,^ l i _ m u n dʒ u _ l i _ m u n dʒ u $,default,ቀን በ ቀን
Maiyu-129_blood-1,,Maiyu,129_blood,k’áfa,k’áfa,k ʔ á/a f a,,Bremer2016,,,^ k ’ á f a $,default,ደም
Fadashi-129_blood-1,,Fadashi,129_blood,k’afa,k’afa,k ʔ a f a,,Bremer2016,,,^ k ’ a f a $,default,ደም
Undulu-129_blood-1,,Undulu,129_blood,k’áfaŋ,k’áfaŋ,k ʔ á/a f a ŋ,,Bremer2016,,,^ k ’ á f a ŋ $,default,ደም
BelejeGonfoye-129_blood-1,,BelejeGonfoye,129_blood,k’awa,k’awa,k ʔ a w a,,Bremer2016,,,^ k ’ a w a $,default,ደም
Maiyu-130_bebitter-1,,Maiyu,130_bebitter,k’əs’í,k’əs’í,k ʔ ə s ʔ í/i,,Bremer2016,,,^ k ’ ə s ’ í $,default,መራራ
Fadashi-130_bebitter-1,,Fadashi,130_bebitter,k’as’i,k’as’i,k ʔ a s ʔ i,,Bremer2016,,,^ k ’ a s ’ i $,default,መራራ
BelejeGonfoye-130_bebitter-1,,BelejeGonfoye,130_bebitter,bɛ k’adʒi,bɛ_k’adʒi,b ɛ + k ʔ a dʒ i,,Bremer2016,,,^ b ɛ _ k ’ a dʒ i $,default,መራራ
Maiyu-131_laugh-1,,Maiyu,131_laugh,k’ééda,k’ééda,k ʔ éé/eː d a,,Bremer2016,,,^ k ’ éé d a $,default,ሳቀ
Fadashi-131_laugh-1,,Fadashi,131_laugh,keːde,keːde,k eː d e,,Bremer2016,,,^ k eː d e $,default,ሳቀ
Undulu-131_laugh-1,,Undulu,131_laugh,͡tʃɛ́ːdi,tʃɛ́ːdi,tʃ ɛ́ː/ɛ d i,,Bremer2016,,,^ tʃ ɛ́ː d i $,default,ሳቀ
BelejeGonfoye-131_laugh-1,,BelejeGonfoye,131_laugh,k’eːte,k’eːte,k ʔ eː t e,,Bremer2016,,,^ k ’ eː t e $,default,ሳቀ
Maiyu-132_eatchewmeat-1,,Maiyu,132_eatchewmeat,k’ɔ́la,k’ɔ́la,k ʔ ɔ́/ɔ l a,,Bremer2016,,,^ k ’ ɔ́ l a $,default,በላ
Fadashi-132_eatchewmeat-1,,Fadashi,132_eatchewmeat,k’ola,k’ola,k ʔ o l a,,Bremer2016,,,^ k ’ o l a $,default,በላ
Undulu-132_eatchewmeat-1,,Undulu,132_eatchewmeat,k’óla,k’óla,k ʔ ó/o l a,,Bremer2016,,,^ k ’ ó l a $,default,በላ
BelejeGonfoye-132_eatchewmeat-1,,BelejeGonfoye,132_eatchewmeat,k’ola,k’ola,k ʔ o l a,,Bremer2016,,,^ k ’ o l a $,default,በላ
Maiyu-133_whistle-1,,Maiyu,133_whistle,fens’iŋa,fens’iŋa,f e n s ʔ i ŋ a,,Bremer2016,,,^ f e ns ’ i ŋ a $,default,አፏጨ
Fadashi-133_whistle-1,,Fadashi,133_whistle,fɛnsiŋa,fɛnsiŋa,f ɛ n s i ŋ a,,Bremer2016,,,^ f ɛ ns i ŋ a $,default,አፏጨ
Undulu-133_whistle-1,,Undulu,133_whistle,fɛnteŋí,fɛnteŋí,f ɛ n t e ŋ í/i,,Bremer2016,,,^ f ɛ n t e ŋ í $,default,አፏጨ
BelejeGonfoye-133_whistle-1,,BelejeGonfoye,133_whistle,wɛnteɲe,wɛnteɲe,w ɛ n t e ɲ e,,Bremer2016,,,^ w ɛ n t e ɲ e $,default,አፏጨ
Maiyu-134_dream-1,,Maiyu,134_dream,féʃa,féʃa,f é/e ʃ a,,Bremer2016,,,^ f éʃ a $,default,አለመ
Fadashi-134_dream-1,,Fadashi,134_dream,are feːsi,are_feːsi,a r e + f eː s i,,Bremer2016,,,^ a r e _ f eː s i $,default,አለመ
Undulu-134_dream-1,,Undulu,134_dream,fɛ́ʃi,fɛ́ʃi,f ɛ́/ɛ ʃ i,,Bremer2016,,,^ f ɛ́ ʃ i $,default,አለመ
BelejeGonfoye-134_dream-1,,BelejeGonfoye,134_dream,ar͡ai uwesi,ar͡ai_uwesi,a r a i + u w e s i,,Bremer2016,,,^ a r͡a i _ u w e s i $,default,አለመ
Maiyu-135_village-1,,Maiyu,135_village,láŋk’a,láŋk’a,l á/a ŋ k ʔ a,,Bremer2016,,,^ l á ŋ k ’ a $,default,መንደር
Fadashi-135_village-1,,Fadashi,135_village,adar,adar,a d a r,,Bremer2016,,,^ a d a r $,default,መንደር
Undulu-135_village-1,,Undulu,135_village,héːsa,héːsa,h éː/eː s a,,Bremer2016,,,^ h éːs a $,default,መንደር
BelejeGonfoye-135_village-1,,BelejeGonfoye,135_village,aɲi ŋoluwɛleya,aɲi_ŋoluwɛleya,a ɲ i + ŋ o l u w ɛ l e y a,,Bremer2016,,,^ a ɲ i _ ŋ o l u w ɛ l e y a $,default,መንደር
Maiyu-136_person-1,,Maiyu,136_person,maːbə,maːbə,m aː b ə,,Bremer2016,,,^ m aː b ə $,default,ሰው
Fadashi-136_person-1,,Fadashi,136_person,ndə mili,ndə_mili,n d ə + m i l i,,Bremer2016,,,^ n d ə _ m i l i $,default,ሰው
Undulu-136_person-1,,Undulu,136_person,ndə míli,ndə_míli,n d ə + m í/i l i,,Bremer2016,,,^ n d ə _ m í l i $,default,ሰው
BelejeGonfoye-136_person-1,,BelejeGonfoye,136_person,ndə mili,ndə_mili,n d ə + m i l i,,Bremer2016,,,^ n d ə _ m i l i $,default,ሰው
Maiyu-137_darkyellow-1,,Maiyu,137_darkyellow,mə gaːʃá,mə_gaːʃá,m ə + g aː ʃ á/a,,Bremer2016,,,^ m ə _ g aː ʃ á $,default,ቢጫ
Fadashi-137_darkyellow-1,,Fadashi,137_darkyellow,ma gaːʃá,ma_gaːʃá,m a + g aː ʃ á/a,,Bremer2016,,,^ m a _ g aː ʃ á $,default,ቢጫ
Undulu-137_darkyellow-1,,Undulu,137_darkyellow,ma gaːʃá,ma_gaːʃá,m a + g aː ʃ á/a,,Bremer2016,,,^ m a _ g aː ʃ á $,default,ቢጫ
BelejeGonfoye-137_darkyellow-1,,BelejeGonfoye,137_darkyellow,bɛ ɪdʒɪgɛri,bɛ_ɪdʒɪgɛri,b ɛ + ɪ dʒ ɪ g ɛ r i,,Bremer2016,,,^ b ɛ _ ɪ dʒ ɪ g ɛ r i $,default,ቢጫ
Maiyu-138_sleepv-1,,Maiyu,138_sleepv,dírʃa,dírʃa,d í/i r ʃ a,,Bremer2016,,,^ d í rʃ a $,default,ተኛ
Fadashi-138_sleepv-1,,Fadashi,138_sleepv,tirʃa,tirʃa,t i r ʃ a,,Bremer2016,,,^ t i rʃ a $,default,ተኛ
Undulu-138_sleepv-1,,Undulu,138_sleepv,θə́rʃa,θə́rʃa,θ ə́/ə r ʃ a,,Bremer2016,,,^ θ ə́ rʃ a $,default,ተኛ
BelejeGonfoye-138_sleepv-1,,BelejeGonfoye,138_sleepv,ɗiŋa,ɗiŋa,ɗ i ŋ a,,Bremer2016,,,^ ɗ i ŋ a $,default,ተኛ
Maiyu-139_clawfingernail-1,,Maiyu,139_clawfingernail,máːshũ,máːshũ,m áː/aː sh/ʃ ũ,,Bremer2016,,,^ m áː sh ũ $,default,ጥፍር
Fadashi-139_clawfingernail-1,,Fadashi,139_clawfingernail,maːʃó,maːʃó,m aː ʃ ó/o,,Bremer2016,,,^ m aː ʃ ó $,default,ጥፍር
Undulu-139_clawfingernail-1,,Undulu,139_clawfingernail,mə́nʃó,mə́nʃó,m ə́/ə n ʃ ó/o,,Bremer2016,,,^ m ə́ nʃ ó $,default,ጥፍር
BelejeGonfoye-139_clawfingernail-1,,BelejeGonfoye,139_clawfingernail,maːsiːso,maːsiːso,m aː s iː s o,,Bremer2016,,,^ m aː s iː s o $,default,ጥፍር
Maiyu-140_gift-1,,Maiyu,140_gift,daːdó,daːdó,d aː d ó/o,,Bremer2016,,,^ d aː d ó $,default,ስጦታ
Fadashi-140_gift-1,,Fadashi,140_gift,ndaline,ndaline,n d a l i n e,,Bremer2016,,,^ n d a l i n e $,default,ስጦታ
Undulu-140_gift-1,,Undulu,140_gift,ndɪdíŋ,ndɪdíŋ,n d ɪ d í/i ŋ,,Bremer2016,,,^ n d ɪ d í ŋ $,default,ስጦታ
BelejeGonfoye-140_gift-1,,BelejeGonfoye,140_gift,gɪmbɛnduʷa,gɪmbɛnduʷa,g ɪ m b ɛ n d uʷ/u a,,Bremer2016,,,^ g ɪ m b ɛ n d uʷ a $,default,ስጦታ
Maiyu-141_ours-1,,Maiyu,141_ours,mánk’a,mánk’a,m á/a n k ʔ a,,Bremer2016,,,^ m á n k ’ a $,default,የእኛ
Fadashi-141_ours-1,,Fadashi,141_ours,mːanka,mːanka,mː a n k a,,Bremer2016,,,^ mː a n k a $,default,የእኛ
BelejeGonfoye-141_ours-1,,BelejeGonfoye,141_ours,maŋka,maŋka,m a ŋ k a,,Bremer2016,,,^ m a ŋ k a $,default,የእኛ
Maiyu-142_mine-1,,Maiyu,142_mine,mánk’o,mánk’o,m á/a n k ʔ o,,Bremer2016,,,^ m á n k ’ o $,default,የእኔ
Fadashi-142_mine-1,,Fadashi,142_mine,mːanko,mːanko,mː a n k o,,Bremer2016,,,^ mː a n k o $,default,የእኔ
BelejeGonfoye-142_mine-1,,BelejeGonfoye,142_mine,manko,manko,m a n k o,,Bremer2016,,,^ m a n k o $,default,የእኔ
Maiyu-143_yourssg-1,,Maiyu,143_yourssg,mbáʔa,mbáʔa,m b á/a ʔ a,,Bremer2016,,,^ m b á ʔ a $,default,የአንተ
Fadashi-143_yourssg-1,,Fadashi,143_yourssg,mbaʔa,mbaʔa,m b a ʔ a,,Bremer2016,,,^ m b a ʔ a $,default,የአንተ
BelejeGonfoye-143_yourssg-1,,BelejeGonfoye,143_yourssg,mːbáʔa,mːbáʔa,mː b á/a ʔ a,,Bremer2016,,,^ mː b á ʔ a $,default,የአንተ
Maiyu-144_lockn-1,,Maiyu,144_lockn,mulhí handuŋú,mulhí_handuŋú,m u l h í/i + h a n d u ŋ ú/u,,Bremer2016,,,^ m u lh í _ h a n d u ŋ ú $,default,ሰረገላ ቁልፍ
Fadashi-144_lockn-1,,Fadashi,144_lockn,mulhí handuŋú,mulhí_handuŋú,m u l h í/i + h a n d u ŋ ú/u,,Bremer2016,,,^ m u lh í _ h a n d u ŋ ú $,default,ሰረገላ ቁልፍ
Undulu-144_lockn-1,,Undulu,144_lockn,mulhí handuŋú,mulhí_handuŋú,m u l h í/i + h a n d u ŋ ú/u,,Bremer2016,,,^ m u lh í _ h a n d u ŋ ú $,default,ሰረገላ ቁልፍ
BelejeGonfoye-144_lockn-1,,BelejeGonfoye,144_lockn,mui handu ɲolo,mui_handu_ɲolo,m u i + h a n d u + ɲ o l o,,Bremer2016,,,^ m u i _ h a n d u _ ɲ o l o $,default,ሰረገላ ቁልፍ
Maiyu-145_sun-1,,Maiyu,145_sun,munsú,munsú,m u n s ú/u,,Bremer2016,,,^ m u ns ú $,default,ፀሀይ
Fadashi-145_sun-1,,Fadashi,145_sun,moːs’ó,moːs’ó,m oː s ʔ ó/o,,Bremer2016,,,^ m oː s ’ ó $,default,ፀሀይ
Undulu-145_sun-1,,Undulu,145_sun,munzú,munzú,m u n z ú/u,,Bremer2016,,,^ m u n z ú $,default,ፀሀይ
BelejeGonfoye-145_sun-1,,BelejeGonfoye,145_sun,muɲdʒo,muɲdʒo,m u ɲ dʒ o,,Bremer2016,,,^ m u ɲ dʒ o $,default,ፀሀይ
Maiyu-146_diev-1,,Maiyu,146_diev,múʃa,múʃa,m ú/u ʃ a,,Bremer2016,,,^ m ú ʃ a $,default,ሞተ
Fadashi-146_diev-1,,Fadashi,146_diev,múʃé,múʃé,m ú/u ʃ é/e,,Bremer2016,,,^ m ú ʃ é $,default,ሞተ
Undulu-146_diev-1,,Undulu,146_diev,jěː,jěː,j ěː/eː,,Bremer2016,,,^ j ěː $,default,ሞተ
BelejeGonfoye-146_diev-1,,BelejeGonfoye,146_diev,muːʃe,muːʃe,m uː ʃ e,,Bremer2016,,,^ m uː ʃ e $,default,ሞተ
Maiyu-147_why-1,,Maiyu,147_why,náːnói,náːnói,n áː/aː n ó/o i,,Bremer2016,,,^ n áː n ó i $,default,ለምን?
Fadashi-147_why-1,,Fadashi,147_why,mbóléjá,mbóléjá,m b ó/o l é/e j á/a,,Bremer2016,,,^ m b ó l é j á $,default,ለምን?
Undulu-147_why-1,,Undulu,147_why,náːnúʔa,náːnúʔa,n áː/aː n ú/u ʔ a,,Bremer2016,,,^ n áː n ú ʔ a $,default,ለምን?
BelejeGonfoye-147_why-1,,BelejeGonfoye,147_why,mboleʔiʲa,mboleʔiʲa,m b o l e ʔ iʲ/i a,,Bremer2016,,,^ m b o l e ʔ iʲ a $,default,ለምን?
Maiyu-148_bepregnant-1,,Maiyu,148_bepregnant,ɔlgɪɲi,ɔlgɪɲi,ɔ l g ɪ ɲ i,,Bremer2016,,,^ ɔ l g ɪ ɲ i $,default,እርጉዝ
Fadashi-148_bepregnant-1,,Fadashi,148_bepregnant,olgiŋi,olgiŋi,o l g i ŋ i,,Bremer2016,,,^ o l g i ŋ i $,default,እርጉዝ
Undulu-148_bepregnant-1,,Undulu,148_bepregnant,wol͡dʒiŋʔi,wol͡dʒiŋʔi,w o l dʒ i ŋ ʔ i,,Bremer2016,,,^ w o l͡dʒ i ŋ ʔ i $,default,እርጉዝ
BelejeGonfoye-148_bepregnant-1,,BelejeGonfoye,148_bepregnant,olgɪne,olgɪne,o l g ɪ n e,,Bremer2016,,,^ o l g ɪ n e $,default,እርጉዝ
Maiyu-149_bleed-1,,Maiyu,149_bleed,ɓuda,ɓuda,ɓ u d a,,Bremer2016,,,^ ɓ u d a $,default,ደማ
Undulu-149_bleed-1,,Undulu,149_bleed,ɓuɗí,ɓuɗí,ɓ u ɗ í/i,,Bremer2016,,,^ ɓ u ɗ í $,default,ደማ
BelejeGonfoye-149_bleed-1,,BelejeGonfoye,149_bleed,ɓuːɗe,ɓuːɗe,ɓ uː ɗ e,,Bremer2016,,,^ ɓ uː ɗ e $,default,ደማ
Maiyu-150_clothclothes-1,,Maiyu,150_clothclothes,ɔr,ɔr,ɔ r,,Bremer2016,,,^ ɔ r $,default,ልብስ
Fadashi-150_clothclothes-1,,Fadashi,150_clothclothes,or,or,o r,,Bremer2016,,,^ o r $,default,ልብስ
Undulu-150_clothclothes-1,,Undulu,150_clothclothes,or,or,o r,,Bremer2016,,,^ o r $,default,ልብስ
BelejeGonfoye-150_clothclothes-1,,BelejeGonfoye,150_clothclothes,oɾi,oɾi,o ɾ i,,Bremer2016,,,^ o ɾ i $,default,ልብስ
Maiyu-151_toplayaninstrument-1,,Maiyu,151_toplayaninstrument,béː,béː,b éː/eː,,Bremer2016,,,^ b éː $,default,
Undulu-151_toplayaninstrument-1,,Undulu,151_toplayaninstrument,béː,béː,b éː/eː,,Bremer2016,,,^ b éː $,default,
BelejeGonfoye-151_toplayaninstrument-1,,BelejeGonfoye,151_toplayaninstrument,beː,beː,b eː,,Bremer2016,,,^ b eː $,default,
Maiyu-152_earlyinthemorning-1,,Maiyu,152_earlyinthemorning,adːʊk’ʊʃ,adːʊk’ʊʃ,a dː ʊ k ʔ ʊ ʃ,,Bremer2016,,,^ a dː ʊ k ’ ʊ ʃ $,default,ማለዳ፣ጠዋት
Fadashi-152_earlyinthemorning-1,,Fadashi,152_earlyinthemorning,meneɗɛʃimːbe,meneɗɛʃimːbe,m e n e ɗ ɛ ʃ i mː b e,,Bremer2016,,,^ m e n e ɗ ɛ ʃ i mː b e $,default,ማለዳ፣ጠዋት
Undulu-152_earlyinthemorning-1,,Undulu,152_earlyinthemorning,mɛn ɗɛ́ʃí,mɛn_ɗɛ́ʃí,m ɛ n + ɗ ɛ́/ɛ ʃ í/i,,Bremer2016,,,^ m ɛ n _ ɗ ɛ́ ʃ í $,default,ማለዳ፣ጠዋት
BelejeGonfoye-152_earlyinthemorning-1,,BelejeGonfoye,152_earlyinthemorning,maːbus,maːbus,m aː b u s,,Bremer2016,,,^ m aː b u s $,default,ማለዳ፣ጠዋት
Maiyu-153_trumpet-1,,Maiyu,153_trumpet,awaza,awaza,a w a z a,,Bremer2016,,,^ a w a z a $,default,
Fadashi-153_trumpet-1,,Fadashi,153_trumpet,wáːsa,wáːsa,w áː/aː s a,,Bremer2016,,,^ w áː s a $,default,
Undulu-153_trumpet-1,,Undulu,153_trumpet,wáːsa,wáːsa,w áː/aː s a,,Bremer2016,,,^ w áː s a $,default,
Maiyu-154_betrue-1,,Maiyu,154_betrue,asːé,asːé,a sː é/e,,Bremer2016,,,^ a sː é $,default,እውነት
Fadashi-154_betrue-1,,Fadashi,154_betrue,asːé,asːé,a sː é/e,,Bremer2016,,,^ a sː é $,default,እውነት
Undulu-154_betrue-1,,Undulu,154_betrue,goːɗi,goːɗi,g oː ɗ i,,Bremer2016,,,^ g oː ɗ i $,default,እውነት
BelejeGonfoye-154_betrue-1,,BelejeGonfoye,154_betrue,tɛn:te,tɛn:te,t ɛ nː t e,,Bremer2016,,,^ t ɛ n: t e $,default,እውነት
Maiyu-155_scratchscrapeoff-1,,Maiyu,155_scratchscrapeoff,"p’eːra, kɔŋkɔne",p’eːra,p ʔ eː r a,,Bremer2016,,,^ p ’ eː r a $,default,ጫረ
Maiyu-155_scratchscrapeoff-2,,Maiyu,155_scratchscrapeoff,"p’eːra, kɔŋkɔne",kɔŋkɔne,k ɔ ŋ k ɔ n e,,Bremer2016,,,^ k ɔ ŋ k ɔ n e $,default,ጫረ
Fadashi-155_scratchscrapeoff-1,,Fadashi,155_scratchscrapeoff,k’oŋkoni,k’oŋkoni,k ʔ o ŋ k o n i,,Bremer2016,,,^ k ’ o ŋ k o n i $,default,ጫረ
Undulu-155_scratchscrapeoff-1,,Undulu,155_scratchscrapeoff,ɓeːra,ɓeːra,ɓ eː r a,,Bremer2016,,,^ ɓ eː r a $,default,ጫረ
BelejeGonfoye-155_scratchscrapeoff-1,,BelejeGonfoye,155_scratchscrapeoff,k’okone,k’okone,k ʔ o k o n e,,Bremer2016,,,^ k ’ o k o n e $,default,ጫረ
Maiyu-156_dig-1,,Maiyu,156_dig,fʊda,fʊda,f ʊ d a,,Bremer2016,,,^ f ʊ d a $,default,ቆፈረ (ለእንስሳት)
Fadashi-156_dig-1,,Fadashi,156_dig,hoːɗa,hoːɗa,h oː ɗ a,,Bremer2016,,,^ h oː ɗ a $,default,ቆፈረ (ለእንስሳት)
BelejeGonfoye-156_dig-1,,BelejeGonfoye,156_dig,baːla,baːla,b aː l a,,Bremer2016,,,^ b aː l a $,default,ቆፈረ (ለእንስሳት)
Maiyu-157_bread-1,,Maiyu,157_bread,p’ɪmːp’íl,p’ɪmːp’íl,p ʔ ɪ mː p ʔ í/i l,,Bremer2016,,,^ p ’ ɪ mː p ’ í l $,default,ዳቦ
Fadashi-157_bread-1,,Fadashi,157_bread,ɓɛmbɛl,ɓɛmbɛl,ɓ ɛ m b ɛ l,,Bremer2016,,,^ ɓ ɛ m b ɛ l $,default,ዳቦ
Undulu-157_bread-1,,Undulu,157_bread,ɓɪmɓɪl,ɓɪmɓɪl,ɓ ɪ m ɓ ɪ l,,Bremer2016,,,^ ɓ ɪ m ɓ ɪ l $,default,ዳቦ
BelejeGonfoye-157_bread-1,,BelejeGonfoye,157_bread,bɪmːbil,bɪmːbil,b ɪ mː b i l,,Bremer2016,,,^ b ɪ mː b i l $,default,ዳቦ
Maiyu-158_trousers-1,,Maiyu,158_trousers,asʊrwâl,asʊrwâl,a s ʊ r w â/a l,,Bremer2016,,,^ a s ʊ rw â l $,default,ሱሪ
Fadashi-158_trousers-1,,Fadashi,158_trousers,asːurwal,asːurwal,a sː u r w a l,,Bremer2016,,,^ a sː u rw a l $,default,ሱሪ
Undulu-158_trousers-1,,Undulu,158_trousers,aʃoŋːhár,aʃoŋːhár,a ʃ o ŋː h á/a r,,Bremer2016,,,^ a ʃ o ŋːh á r $,default,ሱሪ
BelejeGonfoye-158_trousers-1,,BelejeGonfoye,158_trousers,asurani,asurani,a s u r a n i,,Bremer2016,,,^ a s u r a n i $,default,ሱሪ
Maiyu-159_guest-1,,Maiyu,159_guest,as’ís’i,as’ís’i,a s ʔ í/i s ʔ i,,Bremer2016,,,^ a s ’ í s ’ i $,default,እንግዳ
Fadashi-159_guest-1,,Fadashi,159_guest,as’is’i,as’is’i,a s ʔ i s ʔ i,,Bremer2016,,,^ a s ’ i s ’ i $,default,እንግዳ
Undulu-159_guest-1,,Undulu,159_guest,as’ís’i,as’ís’i,a s ʔ í/i s ʔ i,,Bremer2016,,,^ a s ’ í s ’ i $,default,እንግዳ
BelejeGonfoye-159_guest-1,,BelejeGonfoye,159_guest,as’is’e,as’is’e,a s ʔ i s ʔ e,,Bremer2016,,,^ a s ’ i s ’ e $,default,እንግዳ
Maiyu-160_bertaknife-1,,Maiyu,160_bertaknife,handʒir,handʒir,h a n dʒ i r,,Bremer2016,,,^ h a n dʒ i r $,default,
Fadashi-160_bertaknife-1,,Fadashi,160_bertaknife,haɳ͡ dʒir,haɳ͡_dʒir,h a ɳ_/ɲ dʒ i r,,Bremer2016,,,^ h a ɳ͡_ dʒ i r $,default,
Undulu-160_bertaknife-1,,Undulu,160_bertaknife,haŋːhir,haŋːhir,h a ŋː h i r,,Bremer2016,,,^ h a ŋːh i r $,default,
BelejeGonfoye-160_bertaknife-1,,BelejeGonfoye,160_bertaknife,haɲgɪri,haɲgɪri,h a ɲ g ɪ r i,,Bremer2016,,,^ h a ɲ g ɪ r i $,default,
Maiyu-161_net-1,,Maiyu,161_net,aʃɛ́bəka,aʃɛ́bəka,a ʃ ɛ́/ɛ b ə k a,,Bremer2016,,,^ a ʃ ɛ́ b ə k a $,default,መረብ
Fadashi-161_net-1,,Fadashi,161_net,ʃiŋí,ʃiŋí,ʃ i ŋ í/i,,Bremer2016,,,^ ʃ i ŋ í $,default,መረብ
Undulu-161_net-1,,Undulu,161_net,ʃíːle,ʃíːle,ʃ íː/iː l e,,Bremer2016,,,^ ʃ íː l e $,default,መረብ
BelejeGonfoye-161_net-1,,BelejeGonfoye,161_net,deŋi nəguŋu,deŋi_nəguŋu,d e ŋ i + n ə g u ŋ u,,Bremer2016,,,^ d e ŋ i _ n ə g u ŋ u $,default,መረብ
Maiyu-162_rain-1,,Maiyu,162_rain,rɔ,rɔ,r ɔ,,Bremer2016,,,^ r ɔ $,default,ዝናብ
Fadashi-162_rain-1,,Fadashi,162_rain,rô,rô,r ô/o,,Bremer2016,,,^ r ô $,default,ዝናብ
Undulu-162_rain-1,,Undulu,162_rain,rô,rô,r ô/o,,Bremer2016,,,^ r ô $,default,ዝናብ
BelejeGonfoye-162_rain-1,,BelejeGonfoye,162_rain,rô,rô,r ô/o,,Bremer2016,,,^ r ô $,default,ዝናብ
Maiyu-163_year-1,,Maiyu,163_year,rɔ́ːndu,rɔ́ːndu,r ɔ́ː/ɔː n d u,,Bremer2016,,,^ r ɔ́ː n d u $,default,አመት
Fadashi-163_year-1,,Fadashi,163_year,róóndu,róóndu,r óó/oː n d u,,Bremer2016,,,^ r óó n d u $,default,አመት
Undulu-163_year-1,,Undulu,163_year,róːndu,róːndu,r óː/oː n d u,,Bremer2016,,,^ r óː n d u $,default,አመት
BelejeGonfoye-163_year-1,,BelejeGonfoye,163_year,roŋoloʔur,roŋoloʔur,r o ŋ o l o ʔ u r,,Bremer2016,,,^ r o ŋ o l o ʔ u r $,default,አመት
Maiyu-164_time-1,,Maiyu,164_time,áːŋ,áːŋ,áː/aː ŋ,,Bremer2016,,,^ áː ŋ $,default,ጊዜ
Fadashi-164_time-1,,Fadashi,164_time,áŋ moːso,áŋ_moːso,á/a ŋ + m oː s o,,Bremer2016,,,^ á ŋ _ m oː s o $,default,ጊዜ
Undulu-164_time-1,,Undulu,164_time,asːat,asːat,a sː a t,,Bremer2016,,,^ a sː a t $,default,ጊዜ
BelejeGonfoye-164_time-1,,BelejeGonfoye,164_time,təkolal,təkolal,t ə k o l a l,,Bremer2016,,,^ t ə k o l a l $,default,ጊዜ
Maiyu-165_smelltransv-1,,Maiyu,165_smelltransv,áŋɔna,áŋɔna,á/a ŋ ɔ n a,,Bremer2016,,,^ á ŋ ɔ n a $,default,አሸተተ
Fadashi-165_smelltransv-1,,Fadashi,165_smelltransv,aŋoní,aŋoní,a ŋ o n í/i,,Bremer2016,,,^ a ŋ o n í $,default,አሸተተ
Undulu-165_smelltransv-1,,Undulu,165_smelltransv,aŋːoní,aŋːoní,a ŋː o n í/i,,Bremer2016,,,^ a ŋː o n í $,default,አሸተተ
BelejeGonfoye-165_smelltransv-1,,BelejeGonfoye,165_smelltransv,aŋonɛne,aŋonɛne,a ŋ o n ɛ n e,,Bremer2016,,,^ a ŋ o n ɛ n e $,default,አሸተተ
Maiyu-166_sharpen-1,,Maiyu,166_sharpen,áp’ila,áp’ila,á/a p ʔ i l a,,Bremer2016,,,^ á p ’ i l a $,default,ሳለ (ለቢላ)
Fadashi-166_sharpen-1,,Fadashi,166_sharpen,aːɓila,aːɓila,aː ɓ i l a,,Bremer2016,,,^ aː ɓ i l a $,default,ሳለ (ለቢላ)
Undulu-166_sharpen-1,,Undulu,166_sharpen,aːɓila,aːɓila,aː ɓ i l a,,Bremer2016,,,^ aː ɓ i l a $,default,ሳለ (ለቢላ)
BelejeGonfoye-166_sharpen-1,,BelejeGonfoye,166_sharpen,guʷane,guʷane,g uʷ/u a n e,,Bremer2016,,,^ g uʷ a n e $,default,ሳለ (ለቢላ)
Maiyu-167_groundsoilearth-1,,Maiyu,167_groundsoilearth,s’ak’a,s’ak’a,s ʔ a k ʔ a,,Bremer2016,,,^ s ’ a k ’ a $,default,መሬት
Fadashi-167_groundsoilearth-1,,Fadashi,167_groundsoilearth,s’ak’a,s’ak’a,s ʔ a k ʔ a,,Bremer2016,,,^ s ’ a k ’ a $,default,መሬት
Undulu-167_groundsoilearth-1,,Undulu,167_groundsoilearth,s’ak’a,s’ak’a,s ʔ a k ʔ a,,Bremer2016,,,^ s ’ a k ’ a $,default,መሬት
BelejeGonfoye-167_groundsoilearth-1,,BelejeGonfoye,167_groundsoilearth,tʃ’ɛka,tʃ’ɛka,tʃ ʔ ɛ k a,,Bremer2016,,,^ tʃ ’ ɛ k a $,default,መሬት
Maiyu-168_saddle-1,,Maiyu,168_saddle,amaɗí,amaɗí,a m a ɗ í/i,,Bremer2016,,,^ a m a ɗ í $,default,ኮሪቻ
Fadashi-168_saddle-1,,Fadashi,168_saddle,amaɗé,amaɗé,a m a ɗ é/e,,Bremer2016,,,^ a m a ɗ é $,default,ኮሪቻ
Undulu-168_saddle-1,,Undulu,168_saddle,amaɗé,amaɗé,a m a ɗ é/e,,Bremer2016,,,^ a m a ɗ é $,default,ኮሪቻ
BelejeGonfoye-168_saddle-1,,BelejeGonfoye,168_saddle,aːmele,aːmele,aː m e l e,,Bremer2016,,,^ aː m e l e $,default,ኮሪቻ
Maiyu-169_beads-1,,Maiyu,169_beads,amanzi,amanzi,a m a n z i,,Bremer2016,,,^ a m a n z i $,default,ጨሌ
Fadashi-169_beads-1,,Fadashi,169_beads,amanzi,amanzi,a m a n z i,,Bremer2016,,,^ a m a n z i $,default,ጨሌ
Undulu-169_beads-1,,Undulu,169_beads,amanzi,amanzi,a m a n z i,,Bremer2016,,,^ a m a n z i $,default,ጨሌ
BelejeGonfoye-169_beads-1,,BelejeGonfoye,169_beads,aʔmɛndʒi,aʔmɛndʒi,a ʔ m ɛ n dʒ i,,Bremer2016,,,^ a ʔ m ɛ n dʒ i $,default,ጨሌ
Maiyu-170_rat-1,,Maiyu,170_rat,amasíɲ,amasíɲ,a m a s í/i ɲ,,Bremer2016,,,^ a m a s í ɲ $,default,አይጥ
Fadashi-170_rat-1,,Fadashi,170_rat,amaziɲ,amaziɲ,a m a z i ɲ,,Bremer2016,,,^ a m a z i ɲ $,default,አይጥ
Undulu-170_rat-1,,Undulu,170_rat,amazí,amazí,a m a z í/i,,Bremer2016,,,^ a m a z í $,default,አይጥ
BelejeGonfoye-170_rat-1,,BelejeGonfoye,170_rat,aʔmadʒi,aʔmadʒi,a ʔ m a dʒ i,,Bremer2016,,,^ a ʔ m a dʒ i $,default,አይጥ
Maiyu-171_dust-1,,Maiyu,171_dust,ambʊdúr,ambʊdúr,a m b ʊ d ú/u r,,Bremer2016,,,^ a m b ʊ d ú r $,default,ኣቧራ
Fadashi-171_dust-1,,Fadashi,171_dust,amburu,amburu,a m b u r u,,Bremer2016,,,^ a m b u r u $,default,ኣቧራ
Undulu-171_dust-1,,Undulu,171_dust,hohuθa,hohuθa,h o h u θ a,,Bremer2016,,,^ h o h u θ a $,default,ኣቧራ
BelejeGonfoye-171_dust-1,,BelejeGonfoye,171_dust,ambuduɾo,ambuduɾo,a m b u d u ɾ o,,Bremer2016,,,^ a m b u d u ɾ o $,default,ኣቧራ
Maiyu-172_darkness-1,,Maiyu,172_darkness,amilo,amilo,a m i l o,,Bremer2016,,,^ a m i l o $,default,ጨለማ
Fadashi-172_darkness-1,,Fadashi,172_darkness,amiluʔa,amiluʔa,a m i l u ʔ a,,Bremer2016,,,^ a m i l u ʔ a $,default,ጨለማ
Undulu-172_darkness-1,,Undulu,172_darkness,amiluʔi,amiluʔi,a m i l u ʔ i,,Bremer2016,,,^ a m i l u ʔ i $,default,ጨለማ
BelejeGonfoye-172_darkness-1,,BelejeGonfoye,172_darkness,aɲi miloʔi,aɲi_miloʔi,a ɲ i + m i l o ʔ i,,Bremer2016,,,^ a ɲ i _ m i l o ʔ i $,default,ጨለማ
Maiyu-173_sand-1,,Maiyu,173_sand,ʃéːk’e,ʃéːk’e,ʃ éː/eː k ʔ e,,Bremer2016,,,^ ʃ éː k ’ e $,default,አሸዋ
Fadashi-173_sand-1,,Fadashi,173_sand,ʃéːk’e,ʃéːk’e,ʃ éː/eː k ʔ e,,Bremer2016,,,^ ʃ éː k ’ e $,default,አሸዋ
Undulu-173_sand-1,,Undulu,173_sand,ʃeːtʃ’e,ʃeːtʃ’e,ʃ eː tʃ ʔ e,,Bremer2016,,,^ ʃ eː tʃ ’ e $,default,አሸዋ
BelejeGonfoye-173_sand-1,,BelejeGonfoye,173_sand,asesɛke,asesɛke,a s e s ɛ k e,,Bremer2016,,,^ a s e s ɛ k e $,default,አሸዋ
Maiyu-174_deaf-1,,Maiyu,174_deaf,ʃɛr íle,ʃɛr_íle,ʃ ɛ r + í/i l e,,Bremer2016,,,^ ʃ ɛ r _ í l e $,default,ደንቆሮ
Fadashi-174_deaf-1,,Fadashi,174_deaf,máːla,máːla,m áː/aː l a,,Bremer2016,,,^ m áː l a $,default,ደንቆሮ
Undulu-174_deaf-1,,Undulu,174_deaf,sher íle,sher_íle,sh/ʃ e r + í/i l e,,Bremer2016,,,^ sh e r _ í l e $,default,ደንቆሮ
BelejeGonfoye-174_deaf-1,,BelejeGonfoye,174_deaf,mbəɲiro ilo,mbəɲiro_ilo,m b ə ɲ i r o + i l o,,Bremer2016,,,^ m b ə ɲ i r o _ i l o $,default,ደንቆሮ
Maiyu-175_buy-1,,Maiyu,175_buy,ʃɪbila,ʃɪbila,ʃ ɪ b i l a,,Bremer2016,,,^ ʃ ɪ b i l a $,default,ገዛ
Undulu-175_buy-1,,Undulu,175_buy,jéːla,jéːla,j éː/eː l a,,Bremer2016,,,^ j éː l a $,default,ገዛ
BelejeGonfoye-175_buy-1,,BelejeGonfoye,175_buy,eːlɛna,eːlɛna,eː l ɛ n a,,Bremer2016,,,^ eː l ɛ n a $,default,ገዛ
Maiyu-176_chair-1,,Maiyu,176_chair,al kʊ́rsi,al_kʊ́rsi,a l + k ʊ́/ʊ r s i,,Bremer2016,,,^ a l _ k ʊ́ rs i $,default,ወምበር
Fadashi-176_chair-1,,Fadashi,176_chair,ama:ɗé,ama:ɗé,a m aː ɗ é/e,,Bremer2016,,,^ a m a: ɗ é $,default,ወምበር
Undulu-176_chair-1,,Undulu,176_chair,alkúrsi,alkúrsi,a l k ú/u r s i,,Bremer2016,,,^ a l k ú rs i $,default,ወምበር
BelejeGonfoye-176_chair-1,,BelejeGonfoye,176_chair,adəŋo,adəŋo,a d ə ŋ o,,Bremer2016,,,^ a d ə ŋ o $,default,ወምበር
Maiyu-177_restv-1,,Maiyu,177_restv,ʃɔ́ːra,ʃɔ́ːra,ʃ ɔ́ː/ɔː r a,,Bremer2016,,,^ ʃ ɔ́ː r a $,default,አረፈ
Fadashi-177_restv-1,,Fadashi,177_restv,ʃóːra,ʃóːra,ʃ óː/oː r a,,Bremer2016,,,^ ʃ óː r a $,default,አረፈ
Undulu-177_restv-1,,Undulu,177_restv,ʃóːra,ʃóːra,ʃ óː/oː r a,,Bremer2016,,,^ ʃ óː r a $,default,አረፈ
BelejeGonfoye-177_restv-1,,BelejeGonfoye,177_restv,soːre,soːre,s oː r e,,Bremer2016,,,^ s oː r e $,default,አረፈ
Maiyu-178_hut-1,,Maiyu,178_hut,ʃúl ɲɛːra,ʃúl_ɲɛːra,ʃ ú/u l + ɲ ɛː r a,,Bremer2016,,,^ ʃ ú l _ ɲ ɛː r a $,default,ገጆ
Fadashi-178_hut-1,,Fadashi,178_hut,ʃulgwaːlé,ʃulgwaːlé,ʃ u l g w aː l é/e,,Bremer2016,,,^ ʃ u l gw aː l é $,default,ገጆ
Undulu-178_hut-1,,Undulu,178_hut,ʃúl ɲera,ʃúl_ɲera,ʃ ú/u l + ɲ e r a,,Bremer2016,,,^ ʃ ú l _ ɲ e r a $,default,ገጆ
BelejeGonfoye-178_hut-1,,BelejeGonfoye,178_hut,sulɲero / sul gʷole,sulɲero,s u l ɲ e r o,,Bremer2016,,,^ s u l ɲ e r o $,default,ገጆ
BelejeGonfoye-178_hut-2,,BelejeGonfoye,178_hut,sulɲero / sul gʷole,sul_gʷole,s u l + gʷ o l e,,Bremer2016,,,^ s u l _ gʷ o l e $,default,ገጆ
Maiyu-179_cloud-1,,Maiyu,179_cloud,agúːru,agúːru,a g úː/uː r u,,Bremer2016,,,^ a g úː r u $,default,ደመና
Fadashi-179_cloud-1,,Fadashi,179_cloud,agúːru,agúːru,a g úː/uː r u,,Bremer2016,,,^ a g úː r u $,default,ደመና
Undulu-179_cloud-1,,Undulu,179_cloud,agúːru,agúːru,a g úː/uː r u,,Bremer2016,,,^ a g úː r u $,default,ደመና
BelejeGonfoye-179_cloud-1,,BelejeGonfoye,179_cloud,aguru,aguru,a g u r u,,Bremer2016,,,^ a g u r u $,default,ደመና
Maiyu-180_friend-1,,Maiyu,180_friend,ahap’u,ahap’u,a h a p ʔ u,,Bremer2016,,,^ a h a p ’ u $,default,ጓደኛ
Fadashi-180_friend-1,,Fadashi,180_friend,haːɓu,haːɓu,h aː ɓ u,,Bremer2016,,,^ h aː ɓ u $,default,ጓደኛ
Undulu-180_friend-1,,Undulu,180_friend,aːgúʃúŋ,aːgúʃúŋ,aː g ú/u ʃ ú/u ŋ,,Bremer2016,,,^ aː g ú ʃ ú ŋ $,default,ጓደኛ
BelejeGonfoye-180_friend-1,,BelejeGonfoye,180_friend,age,age,a g e,,Bremer2016,,,^ a g e $,default,ጓደኛ
Maiyu-181_totowards-1,,Maiyu,181_totowards,θá,θá,θ á/a,,Bremer2016,,,^ θ á $,default,ወደ
Fadashi-181_totowards-1,,Fadashi,181_totowards,lɛ,lɛ,l ɛ,,Bremer2016,,,^ l ɛ $,default,ወደ
Undulu-181_totowards-1,,Undulu,181_totowards,θɛwa,θɛwa,θ ɛ w a,,Bremer2016,,,^ θ ɛ w a $,default,ወደ
BelejeGonfoye-181_totowards-1,,BelejeGonfoye,181_totowards,la,la,l a,,Bremer2016,,,^ l a $,default,ወደ
Maiyu-182_here-1,,Maiyu,182_here,θɛ́lːé,θɛ́lːé,θ ɛ́/ɛ lː é/e,,Bremer2016,,,^ θ ɛ́ lː é $,default,እዚህ
Fadashi-182_here-1,,Fadashi,182_here,θoːʔi / loːʔi,θoːʔi,θ oː ʔ i,,Bremer2016,,,^ θ oː ʔ i $,default,እዚህ
Fadashi-182_here-2,,Fadashi,182_here,θoːʔi / loːʔi,loːʔi,l oː ʔ i,,Bremer2016,,,^ l oː ʔ i $,default,እዚህ
Undulu-182_here-1,,Undulu,182_here,θoːʔiyu,θoːʔiyu,θ oː ʔ i y u,,Bremer2016,,,^ θ oː ʔ i y u $,default,እዚህ
BelejeGonfoye-182_here-1,,BelejeGonfoye,182_here,loːle,loːle,l oː l e,,Bremer2016,,,^ l oː l e $,default,እዚህ
Maiyu-183_medicine-1,,Maiyu,183_medicine,adːɛ́wa,adːɛ́wa,a dː ɛ́/ɛ w a,,Bremer2016,,,^ a dː ɛ́ w a $,default,መድሐኒት
Fadashi-183_medicine-1,,Fadashi,183_medicine,s’is’ia?iɲ,s’is’ia?iɲ,s ʔ i s ʔ i a i ɲ,,Bremer2016,,,^ s ’ i s ’ i a ? i ɲ $,default,መድሐኒት
Undulu-183_medicine-1,,Undulu,183_medicine,addáwa,addáwa,a d/dː á/a w a,,Bremer2016,,,^ a dd á w a $,default,መድሐኒት
BelejeGonfoye-183_medicine-1,,BelejeGonfoye,183_medicine,hoːtʃo,hoːtʃo,h oː tʃ o,,Bremer2016,,,^ h oː tʃ o $,default,መድሐኒት
Maiyu-184_stirringstickwhisk-1,,Maiyu,184_stirringstickwhisk,aɗaɗáfɛd,aɗaɗáfɛd,a ɗ a ɗ á/a f ɛ d,,Bremer2016,,,^ a ɗ a ɗ á f ɛ d $,default,ማማሰያ
Fadashi-184_stirringstickwhisk-1,,Fadashi,184_stirringstickwhisk,ɗaɗafet,ɗaɗafet,ɗ a ɗ a f e t,,Bremer2016,,,^ ɗ a ɗ a f e t $,default,ማማሰያ
Undulu-184_stirringstickwhisk-1,,Undulu,184_stirringstickwhisk,aɗanɗafet,aɗanɗafet,a ɗ a n ɗ a f e t,,Bremer2016,,,^ a ɗ a n ɗ a f e t $,default,ማማሰያ
BelejeGonfoye-184_stirringstickwhisk-1,,BelejeGonfoye,184_stirringstickwhisk,mulaːʷo,mulaːʷo,m u l aːʷ/aːu̯ o,,Bremer2016,,,^ m u l aːʷ o $,default,ማማሰያ
Maiyu-185_forgivehavemercy-1,,Maiyu,185_forgivehavemercy,afiːŋa,afiːŋa,a f iː ŋ a,,Bremer2016,,,^ a f iː ŋ a $,default,ምህረት አደረገ፣ይቅር አለ
Fadashi-185_forgivehavemercy-1,,Fadashi,185_forgivehavemercy,eʔafiːŋa,eʔafiːŋa,e ʔ a f iː ŋ a,,Bremer2016,,,^ e ʔ a f iː ŋ a $,default,ምህረት አደረገ፣ይቅር አለ
Undulu-185_forgivehavemercy-1,,Undulu,185_forgivehavemercy,afiiña,afiiña,a f iː ɲ a,,Bremer2016,,,^ a f ii ñ a $,default,ምህረት አደረገ፣ይቅር አለ
BelejeGonfoye-185_forgivehavemercy-1,,BelejeGonfoye,185_forgivehavemercy,bik’ɛneʲa,bik’ɛneʲa,b i k ʔ ɛ n eʲ/ei̯ a,,Bremer2016,,,^ b i k ’ ɛ n eʲ a $,default,ምህረት አደረገ፣ይቅር አለ
Maiyu-186_outside-1,,Maiyu,186_outside,θʊːθa,θʊːθa,θ ʊː θ a,,Bremer2016,,,^ θ ʊː θ a $,default,ውጭ
Fadashi-186_outside-1,,Fadashi,186_outside,θoːla,θoːla,θ oː l a,,Bremer2016,,,^ θ oː l a $,default,ውጭ
Undulu-186_outside-1,,Undulu,186_outside,θuːθe,θuːθe,θ uː θ e,,Bremer2016,,,^ θ uː θ e $,default,ውጭ
BelejeGonfoye-186_outside-1,,BelejeGonfoye,186_outside,ligogolo,ligogolo,l i g o g o l o,,Bremer2016,,,^ l i g o g o l o $,default,ውጭ
Maiyu-187_new-1,,Maiyu,187_new,t’ɔk’ɔló,t’ɔk’ɔló,t ʔ ɔ k ʔ ɔ l ó/o,,Bremer2016,,,^ t ’ ɔ k ’ ɔ l ó $,default,አዲስ
Fadashi-187_new-1,,Fadashi,187_new,tokolo / towolo,tokolo,t o k o l o,,Bremer2016,,,^ t o k o l o $,default,አዲስ
Fadashi-187_new-2,,Fadashi,187_new,tokolo / towolo,towolo,t o w o l o,,Bremer2016,,,^ t o w o l o $,default,አዲስ
Undulu-187_new-1,,Undulu,187_new,t’ok’oló,t’ok’oló,t ʔ o k ʔ o l ó/o,,Bremer2016,,,^ t ’ o k ’ o l ó $,default,አዲስ
BelejeGonfoye-187_new-1,,BelejeGonfoye,187_new,giːgoɗi,giːgoɗi,g iː g o ɗ i,,Bremer2016,,,^ g iː g o ɗ i $,default,አዲስ
Maiyu-188_meat-1,,Maiyu,188_meat,ʊʔûŋ,ʊʔûŋ,ʊ ʔ û/u ŋ,,Bremer2016,,,^ ʊ ʔ û ŋ $,default,ስጋ
Fadashi-188_meat-1,,Fadashi,188_meat,oʔoŋ,oʔoŋ,o ʔ o ŋ,,Bremer2016,,,^ o ʔ o ŋ $,default,ስጋ
Undulu-188_meat-1,,Undulu,188_meat,uqûñ,uqûñ,u q û/u ɲ,,Bremer2016,,,^ u q û ñ $,default,ስጋ
BelejeGonfoye-188_meat-1,,BelejeGonfoye,188_meat,oʔoɲe,oʔoɲe,o ʔ o ɲ e,,Bremer2016,,,^ o ʔ o ɲ e $,default,ስጋ
Maiyu-189_mosquito-1,,Maiyu,189_mosquito,jámúθ,jámúθ,j á/a m ú/u θ,,Bremer2016,,,^ j á m ú θ $,default,ቢምቢ
Fadashi-189_mosquito-1,,Fadashi,189_mosquito,uːmuθ,uːmuθ,uː m u θ,,Bremer2016,,,^ uː m u θ $,default,ቢምቢ
Undulu-189_mosquito-1,,Undulu,189_mosquito,jámúθ,jámúθ,j á/a m ú/u θ,,Bremer2016,,,^ j á m ú θ $,default,ቢምቢ
BelejeGonfoye-189_mosquito-1,,BelejeGonfoye,189_mosquito,úmúlí,úmúlí,ú/u m ú/u l í/i,,Bremer2016,,,^ ú m ú l í $,default,ቢምቢ
Maiyu-190_maybecouldbe-1,,Maiyu,190_maybecouldbe,jɛ́bʊga,jɛ́bʊga,j ɛ́/ɛ b ʊ g a,,Bremer2016,,,^ j ɛ́ b ʊ g a $,default,ምን አልባት
Fadashi-190_maybecouldbe-1,,Fadashi,190_maybecouldbe,gaːʔí,gaːʔí,g aː ʔ í/i,,Bremer2016,,,^ g aː ʔ í $,default,ምን አልባት
Undulu-190_maybecouldbe-1,,Undulu,190_maybecouldbe,amɪʃéːká,amɪʃéːká,a m ɪ ʃ éː/eː k á/a,,Bremer2016,,,^ a m ɪ ʃ éː k á $,default,ምን አልባት
BelejeGonfoye-190_maybecouldbe-1,,BelejeGonfoye,190_maybecouldbe,aneʔale,aneʔale,a n e ʔ a l e,,Bremer2016,,,^ a n e ʔ a l e $,default,ምን አልባት
Maiyu-191_thinkreflect-1,,Maiyu,191_thinkreflect,sɛŋzeŋa,sɛŋzeŋa,s ɛ ŋ z e ŋ a,,Bremer2016,,,^ s ɛ ŋ z e ŋ a $,default,አሰበ
Fadashi-191_thinkreflect-1,,Fadashi,191_thinkreflect,sɛːŋané,sɛːŋané,s ɛː ŋ a n é/e,,Bremer2016,,,^ s ɛː ŋ a n é $,default,አሰበ
Undulu-191_thinkreflect-1,,Undulu,191_thinkreflect,senːa,senːa,s e nː a,,Bremer2016,,,^ s e nː a $,default,አሰበ
BelejeGonfoye-191_thinkreflect-1,,BelejeGonfoye,191_thinkreflect,dʒɛːrɛne,dʒɛːrɛne,dʒ ɛː r ɛ n e,,Bremer2016,,,^ dʒ ɛː r ɛ n e $,default,አሰበ
Maiyu-192_lazy-1,,Maiyu,192_lazy,sɔsɔʔ,sɔsɔʔ,s ɔ s ɔ ʔ,,Bremer2016,,,^ s ɔ s ɔ ʔ $,default,ሰነፈ
Fadashi-192_lazy-1,,Fadashi,192_lazy,soːsoʔ,soːsoʔ,s oː s o ʔ,,Bremer2016,,,^ s oː s o ʔ $,default,ሰነፈ
Undulu-192_lazy-1,,Undulu,192_lazy,zozo,zozo,z o z o,,Bremer2016,,,^ z o z o $,default,ሰነፈ
BelejeGonfoye-192_lazy-1,,BelejeGonfoye,192_lazy,dʒódʒó,dʒódʒó,dʒ ó/o dʒ ó/o,,Bremer2016,,,^ dʒ ó dʒ ó $,default,ሰነፈ
Maiyu-193_mud-1,,Maiyu,193_mud,sʊre,sʊre,s ʊ r e,,Bremer2016,,,^ s ʊ r e $,default,ጭቃ
Fadashi-193_mud-1,,Fadashi,193_mud,sure,sure,s u r e,,Bremer2016,,,^ s u r e $,default,ጭቃ
Undulu-193_mud-1,,Undulu,193_mud,gaːma,gaːma,g aː m a,,Bremer2016,,,^ g aː m a $,default,ጭቃ
BelejeGonfoye-193_mud-1,,BelejeGonfoye,193_mud,átoʔkó,átoʔkó,á/a t o ʔ k ó/o,,Bremer2016,,,^ á t o ʔ k ó $,default,ጭቃ
Maiyu-194_i1sg-1,,Maiyu,194_i1sg,ali,ali,a l i,,Bremer2016,,,^ a l i $,default,ኣኔ
Fadashi-194_i1sg-1,,Fadashi,194_i1sg,ali,ali,a l i,,Bremer2016,,,^ a l i $,default,ኣኔ
Undulu-194_i1sg-1,,Undulu,194_i1sg,ali,ali,a l i,,Bremer2016,,,^ a l i $,default,ኣኔ
BelejeGonfoye-194_i1sg-1,,BelejeGonfoye,194_i1sg,ali,ali,a l i,,Bremer2016,,,^ a l i $,default,ኣኔ
Maiyu-195_you2sg-1,,Maiyu,195_you2sg,ŋgó,ŋgó,ŋ g ó/o,,Bremer2016,,,^ ŋ g ó $,default,ኣንተ
Fadashi-195_you2sg-1,,Fadashi,195_you2sg,ngo,ngo,n g o,,Bremer2016,,,^ n g o $,default,ኣንተ
Undulu-195_you2sg-1,,Undulu,195_you2sg,ɲɦó,ɲɦó,ɲ ɦ ó/o,,Bremer2016,,,^ ɲ ɦ ó $,default,ኣንተ
BelejeGonfoye-195_you2sg-1,,BelejeGonfoye,195_you2sg,ngo,ngo,n g o,,Bremer2016,,,^ n g o $,default,ኣንተ
Maiyu-196_hesheit3sg-1,,Maiyu,196_hesheit3sg,ɲine,ɲine,ɲ i n e,,Bremer2016,,,^ ɲ i n e $,default,
Fadashi-196_hesheit3sg-1,,Fadashi,196_hesheit3sg,ɲine,ɲine,ɲ i n e,,Bremer2016,,,^ ɲ i n e $,default,
Undulu-196_hesheit3sg-1,,Undulu,196_hesheit3sg,ɪnːe,ɪnːe,ɪ nː e,,Bremer2016,,,^ ɪ nː e $,default,
BelejeGonfoye-196_hesheit3sg-1,,BelejeGonfoye,196_hesheit3sg,ɪnːe,ɪnːe,ɪ nː e,,Bremer2016,,,^ ɪ nː e $,default,
Maiyu-197_we1pl-1,,Maiyu,197_we1pl,haθáŋ,haθáŋ,h a θ á/a ŋ,,Bremer2016,,,^ h a θ á ŋ $,default,
Fadashi-197_we1pl-1,,Fadashi,197_we1pl,həni,həni,h ə n i,,Bremer2016,,,^ h ə n i $,default,
Undulu-197_we1pl-1,,Undulu,197_we1pl,ɪnːka,ɪnːka,ɪ nː k a,,Bremer2016,,,^ ɪ nː k a $,default,
BelejeGonfoye-197_we1pl-1,,BelejeGonfoye,197_we1pl,ŋːa,ŋːa,ŋː a,,Bremer2016,,,^ ŋː a $,default,
Maiyu-198_youpl2pl-1,,Maiyu,198_youpl2pl,haθú,haθú,h a θ ú/u,,Bremer2016,,,^ h a θ ú $,default,
Fadashi-198_youpl2pl-1,,Fadashi,198_youpl2pl,halu,halu,h a l u,,Bremer2016,,,^ h a l u $,default,
Undulu-198_youpl2pl-1,,Undulu,198_youpl2pl,haθú,haθú,h a θ ú/u,,Bremer2016,,,^ h a θ ú $,default,
BelejeGonfoye-198_youpl2pl-1,,BelejeGonfoye,198_youpl2pl,halú,halú,h a l ú/u,,Bremer2016,,,^ h a l ú $,default,
Maiyu-199_they3pl-1,,Maiyu,199_they3pl,məré,məré,m ə r é/e,,Bremer2016,,,^ m ə r é $,default,
Fadashi-199_they3pl-1,,Fadashi,199_they3pl,maré,maré,m a r é/e,,Bremer2016,,,^ m a r é $,default,
Undulu-199_they3pl-1,,Undulu,199_they3pl,maré,maré,m a r é/e,,Bremer2016,,,^ m a r é $,default,
BelejeGonfoye-199_they3pl-1,,BelejeGonfoye,199_they3pl,maré,maré,m a r é/e,,Bremer2016,,,^ m a r é $,default,
Maiyu-200_whisper-1,,Maiyu,200_whisper,hahaʃa,hahaʃa,h a h a ʃ a,,Bremer2016,,,^ h a h a ʃ a $,default,አንሾካሾከ
Fadashi-200_whisper-1,,Fadashi,200_whisper,haːʃa,haːʃa,h aː ʃ a,,Bremer2016,,,^ h aː ʃ a $,default,አንሾካሾከ
Undulu-200_whisper-1,,Undulu,200_whisper,hahasha,hahasha,h a h a sh/ʃ a,,Bremer2016,,,^ h a h a sh a $,default,አንሾካሾከ
BelejeGonfoye-200_whisper-1,,BelejeGonfoye,200_whisper,haːsɪne,haːsɪne,h aː s ɪ n e,,Bremer2016,,,^ h aː s ɪ n e $,default,አንሾካሾከ
